,Country/Teritorry,Purchase Order Date,Description,Unit Price,N Units Total
0,Afghanistan,2015,Cepheid GeneXpert Model GX-IV- 4 module Instrument with laptop [GXIV-4-L],17500.0,4.0
1,Afghanistan,2015,Cepheid Xpert MTB/RIF,9.98,5950.0
2,Afghanistan,2017,Cepheid GeneXpert Model GX-IV- 4 module Instrument with laptop [GXIV-4-L],17500.0,11.0
3,Afghanistan,2017,Cepheid Xpert MTB/RIF,9.98,5500.0
4,Afghanistan,2018,Cepheid Xpert MTB/RIF,9.98,10000.0
5,Afghanistan,2020,Cepheid Xpert MTB/RIF,9.98,20000.0
6,Afghanistan,2020,Cepheid Xpert MTB/RIF Ultra,9.98,40000.0
7,Afghanistan,2021,Cepheid Xpert MTB/RIF Ultra,9.98,71800.0
8,Albania,2019,Cepheid GeneXpert Model GX-IV- 4 module Instrument with laptop [GXIV-4-L],17500.0,1.0
9,Albania,2019,Cepheid Xpert MTB/RIF,9.98,1.0
10,Albania,2019,Cepheid Xpert MTB/RIF Ultra,9.98,2000.0
11,Angola,2017,Cepheid GeneXpert Model GX-IV- 4 module Instrument with desktop [GXIV-4D],29900.0,4.0
12,Angola,2017,Cepheid Xpert MTB/RIF,9.98,400.0
13,Angola,2018,Cepheid GeneXpert IV system with desktop computer (two sites) [GXIV-2-D],11780.0,25.0
14,Angola,2018,Cepheid Xpert MTB/RIF,9.98,15000.0
15,Angola,2020,Cepheid Xpert MTB/RIF Ultra,9.98,30000.0
16,Angola,2021,Cepheid GeneXpert Model GX-IV- 4 module Instrument with desktop [GXIV-4D],19000.0,9.0
17,Angola,2021,Cepheid Xpert MTB/RIF Ultra,9.98,42150.0
18,Angola,2022,Cepheid Xpert MTB/RIF Ultra,9.98,11000.0
19,Angola,2023,Cepheid Xpert MTB/RIF Ultra,9.98,30900.0
20,Armenia,2012,Cepheid GeneXpert Model GX-IV- 4 module Instrument with desktop [GXIV-4D],17500.0,3.0
21,Armenia,2012,Cepheid Xpert MTB/RIF,9.98,3240.0
22,Armenia,2014,Cepheid GeneXpert Model GX-IV- 4 module Instrument with laptop [GXIV-4-L],17500.0,2.0
23,Armenia,2014,Cepheid Xpert MTB/RIF,9.98,5000.0
24,Armenia,2016,Cepheid GeneXpert  GX-II-2 module instrument with laptop [GXII-2-L],12030.0,12.0
25,Armenia,2016,Cepheid GeneXpert Model GX-IV- 4 module Instrument with laptop [GXIV-4-L],17500.0,1.0
26,Armenia,2017,Cepheid GeneXpert Model GX-XVI-16 module instrument with desktop[GXXVI-16-D],3360.0,4.0
27,Armenia,2019,Cepheid Xpert MTB/RIF,9.98,300.0
28,Armenia,2022,Cepheid Xpert MTB/RIF Ultra,9.98,6000.0
29,Armenia,2022,Cepheid Xpert MTB/XDR,19.8,600.0
30,Armenia,2023,Cepheid Xpert MTB/RIF Ultra,7.97,5000.0
31,Armenia,2023,Cepheid Xpert MTB/XDR,14.9,240.0
32,Azerbaijan,2015,Cepheid Xpert MTB/RIF,9.98,11000.0
33,Azerbaijan,2021,Cepheid Xpert MTB/RIF Ultra,9.98,16500.0
34,Azerbaijan,2022,Cepheid Xpert MTB/RIF Ultra,9.98,530.0
35,Azerbaijan,2022,Cepheid Xpert MTB/XDR,19.8,60.0
36,Azerbaijan,2023,Cepheid GeneXpert Model GX-IV R2 4-module (10-color) Instrument with laptop [GXIV-4-L-10C],17500.0,5.0
37,Azerbaijan,2023,Cepheid Xpert MTB/RIF Ultra,9.98,19500.0
38,Azerbaijan,2023,Cepheid Xpert MTB/XDR,19.8,4050.0
39,Bangladesh,2018,Cepheid Xpert MTB/RIF,9.98,218000.0
40,Bangladesh,2019,Cepheid Xpert MTB/RIF,9.98,402000.0
41,Bangladesh,2020,Cepheid GeneXpert Model GX-IV- 4 module Instrument with laptop [GXIV-4-L],17500.0,50.0
42,Bangladesh,2020,Cepheid GeneXpert Model GX-IV- 4 module Instrument with laptop [GXIV-4-L],24690.0,50.0
43,Bangladesh,2020,Cepheid Xpert MTB/RIF,9.98,222700.0
44,Bangladesh,2022,Cepheid Xpert MTB/RIF Ultra,9.98,463000.0
45,Bangladesh,2022,Cepheid Xpert MTB/XDR,19.8,24000.0
46,Bangladesh,2023,Cepheid Xpert MTB/RIF Ultra,9.98,310000.0
47,Bangladesh,2024,Cepheid Xpert MTB/XDR,14.9,10000.0
48,Belarus,2013,Cepheid GeneXpert  GX-II-2 module instrument with laptop [GXII-2-L],12280.0,1.0
49,Belarus,2013,Cepheid Xpert MTB/RIF,9.98,2550.0
50,Belarus,2014,Cepheid GeneXpert Model GX-IV- 4 module Instrument with laptop [GXIV-4-L],17500.0,2.0
51,Belarus,2014,Cepheid Xpert MTB/RIF,9.98,12230.0
52,Belarus,2015,Cepheid Xpert MTB/RIF,9.98,6000.0
53,Belarus,2016,Cepheid GeneXpert IV system with laptop computer (two sites) [GXIV-2-L],12280.0,14.0
54,Belarus,2016,Cepheid Xpert MTB/RIF,9.98,34000.0
55,Belarus,2017,Cepheid Xpert MTB/RIF,9.98,40900.0
56,Belarus,2018,Cepheid Xpert MTB/RIF,9.98,42100.0
57,Belarus,2019,Cepheid Xpert MTB/RIF,9.98,4500.0
58,Belarus,2020,Cepheid Xpert MTB/RIF,9.98,39050.0
59,Belarus,2021,Cepheid GeneXpert IV system with laptop computer (two sites) [GXIV-2-L],12280.0,20.0
60,Belarus,2021,Cepheid GeneXpert Model GX-IV- 4 module Instrument with laptop [GXIV-4-L],17500.0,1.0
61,Belarus,2021,Cepheid Xpert MTB/RIF Ultra,9.98,17250.0
62,Belarus,2022,Cepheid Xpert MTB/RIF Ultra,9.98,30200.0
63,Belarus,2022,Cepheid Xpert MTB/XDR,19.8,1600.0
64,Belarus,2023,Cepheid Xpert MTB/RIF Ultra,9.98,35700.0
65,Belize,2016,Cepheid GeneXpert Model GX-IV- 4 module Instrument with desktop [GXIV-4D],17000.0,1.0
66,Belize,2016,Cepheid Xpert MTB/RIF,9.98,655.0
67,Belize,2017,Cepheid Xpert MTB/RIF,9.98,860.0
68,Belize,2018,Cepheid Xpert MTB/RIF,9.98,860.0
69,Belize,2019,Cepheid Xpert MTB/RIF,9.98,850.0
70,Belize,2020,Cepheid Xpert MTB/RIF,9.98,1000.0
71,Benin,2013,Cepheid GeneXpert Model GX-IV- 4 module Instrument with laptop [GXIV-4-L],18290.0,2.0
72,Benin,2013,Cepheid Xpert MTB/RIF,9.98,2000.0
73,Benin,2015,Cepheid GeneXpert Model GX-IV- 4 module Instrument with desktop [GXIV-4D],17000.0,3.0
74,Benin,2015,Cepheid Xpert MTB/RIF,9.98,2000.0
75,Benin,2016,Cepheid GeneXpert Model GX-IV- 4 module Instrument with desktop [GXIV-4D],17000.0,2.0
76,Benin,2017,Cepheid GeneXpert Model GX-IV- 4 module Instrument with desktop [GXIV-4D],17000.0,4.0
77,Benin,2017,Cepheid GeneXpert Model GX-XVI-16 module instrument with desktop[GXXVI-16-D],71000.0,1.0
78,Benin,2017,Cepheid Xpert MTB/RIF,9.98,12655.0
79,Benin,2020,Cepheid Xpert MTB/RIF,9.98,12100.0
80,Benin,2022,Cepheid Xpert MTB/RIF Ultra,9.98,30350.0
81,Benin,2022,Cepheid Xpert MTB/XDR,19.8,100.0
82,Bhutan,2018,Cepheid GeneXpert Model GX-IV- 4 module Instrument with desktop [GXIV-4D],239.0,1.0
83,Bhutan,2018,Cepheid Xpert MTB/RIF,9.98,1750.0
84,Bhutan,2019,Cepheid GeneXpert Model GX-IV- 4 module Instrument with desktop [GXIV-4D],17000.0,2.0
85,Bhutan,2019,Cepheid Xpert MTB/RIF,9.98,2550.0
86,Bhutan,2020,Cepheid Xpert MTB/RIF,9.98,6850.0
87,Bhutan,2021,Cepheid GeneXpert Model GX-XVI-16 module instrument with desktop[GXXVI-16-D],63850.0,1.0
88,Bhutan,2021,Cepheid Xpert MTB/RIF,9.98,13200.0
89,Bhutan,2021,Cepheid Xpert MTB/XDR,19.8,200.0
90,Bhutan,2022,Cepheid Xpert MTB/RIF,9.98,9900.0
91,Bhutan,2022,Cepheid Xpert MTB/XDR,19.8,100.0
92,Bhutan,2023,Cepheid Xpert MTB/RIF Ultra,9.98,3020.0
93,Bhutan,2023,Cepheid Xpert MTB/XDR,19.8,200.0
94,Bhutan,2024,Cepheid Xpert MTB/RIF Ultra,7.97,196.0
95,Bhutan,2024,Cepheid Xpert MTB/XDR,14.9,20.0
96,Bulgaria,2015,Cepheid GeneXpert Model GX-IV- 4 module Instrument with laptop [GXIV-4-L],17500.0,4.0
97,Bulgaria,2015,Cepheid Xpert MTB/RIF,9.98,3000.0
98,Bulgaria,2018,Cepheid Xpert MTB/RIF,9.98,3000.0
99,Burkina Faso,2015,Cepheid GeneXpert Model GX-IV- 4 module Instrument with desktop [GXIV-4D],17000.0,12.0
100,Burkina Faso,2015,Cepheid Xpert MTB/RIF,9.98,2300.0
101,Burkina Faso,2017,Cepheid Xpert MTB/RIF,9.98,6150.0
102,Burkina Faso,2019,Cepheid Xpert MTB/RIF,9.98,310000.0
103,Burkina Faso,2020,Cepheid Xpert MTB/RIF,9.98,23550.0
104,Burkina Faso,2021,Cepheid GeneXpert Model GX-IV- 4 module Instrument with desktop [GXIV-4D],17000.0,8.0
105,Burkina Faso,2021,Cepheid GeneXpert Model GX-IV- 4 module Instrument with desktop [GXIV-4D],17350.0,9.0
106,Burkina Faso,2021,Cepheid GeneXpert Model GX-IV- 4 module Instrument with desktop [GXIV-4D],19000.0,1.0
107,Burkina Faso,2021,Cepheid Xpert MTB/RIF,9.98,39800.0
108,Burkina Faso,2021,Cepheid Xpert MTB/XDR,19.8,260.0
109,Burkina Faso,2022,Cepheid Xpert MTB/RIF Ultra,9.98,24550.0
110,Burkina Faso,2022,Cepheid Xpert MTB/XDR,19.8,110.0
111,Burkina Faso,2023,Cepheid Xpert MTB/RIF Ultra,9.98,33350.0
112,Burkina Faso,2023,Cepheid Xpert MTB/XDR,19.8,80.0
113,Burkina Faso,2024,Cepheid Xpert MTB/RIF Ultra,7.97,15000.0
114,Burundi,2017,Cepheid GeneXpert Model GX-IV- 4 module Instrument with desktop [GXIV-4D],17000.0,17.0
115,Burundi,2017,Cepheid Xpert MTB/RIF,9.98,12200.0
116,Burundi,2018,Cepheid Xpert MTB/RIF,9.98,31200.0
117,Burundi,2019,Cepheid Xpert MTB/RIF,9.98,9300.0
118,Burundi,2021,Cepheid GeneXpert Model GX-IV R2 2-module (10-color) Instrument with laptop [GXIV-2-L-10C],19790.0,21.0
119,Burundi,2021,Cepheid GeneXpert Model GX-XVI-16 module instrument with desktop[GXXVI-16-D],72350.0,1.0
120,Burundi,2022,Cepheid Xpert MTB/RIF,9.98,35300.0
121,Cambodia,2015,Cepheid GeneXpert Model GX-IV- 4 module Instrument with laptop [GXIV-4-L],17500.0,20.0
122,Cambodia,2016,Cepheid GeneXpert Model GX-IV- 4 module Instrument with laptop [GXIV-4-L],17500.0,20.0
123,Cambodia,2016,Cepheid Xpert MTB/RIF,9.98,20650.0
124,Cambodia,2017,Cepheid Xpert MTB/RIF,9.98,92200.0
125,Cambodia,2018,Cepheid GeneXpert Model GX-IV- 4 module Instrument with laptop [GXIV-4-L],9.98,46400.0
126,Cambodia,2019,Cepheid GeneXpert Model GX-IV- 4 module Instrument with laptop [GXIV-4-L],9.98,29350.0
127,Cambodia,2019,Cepheid Xpert MTB/RIF,9.98,29300.0
128,Cambodia,2019,Cepheid Xpert MTB/RIF Ultra,9.98,63450.0
129,Cambodia,2020,Cepheid Xpert MTB/RIF Ultra,9.98,20700.0
130,Cambodia,2021,Cepheid Xpert MTB/RIF Ultra,9.98,42100.0
131,Cambodia,2022,Cepheid GeneXpert Model GX-IV- 4 module Instrument with laptop [GXIV-4-L],17500.0,2.0
132,Cambodia,2022,Cepheid GeneXpert Model GX-IV- 4 module Instrument with laptop [GXIV-4-L],19500.0,9.0
133,Cambodia,2022,Cepheid Xpert MTB/RIF Ultra,9.98,255300.0
134,Cambodia,2022,Cepheid Xpert MTB/XDR,19.8,2000.0
135,Cambodia,2023,Cepheid Xpert MTB/RIF Ultra,9.98,150000.0
136,Cameroon,2018,Cepheid Xpert MTB/RIF Ultra,9.98,15600.0
137,Central African Republic,2017,Cepheid GeneXpert Model GX-IV- 4 module Instrument with desktop [GXIV-4D],17000.0,2.0
138,Central African Republic,2017,Cepheid Xpert MTB/RIF,9.98,500.0
139,Central African Republic,2020,Cepheid Xpert MTB/RIF Ultra,9.98,3300.0
140,Central African Republic,2022,Cepheid GeneXpert Model GX-IV R2 2-module (10-color) Instrument with laptop [GXIV-2-L-10C],15800.0,6.0
141,Central African Republic,2022,Cepheid GeneXpert Model GX-XVI-16 module instrument with desktop[GXXVI-16-D],59530.0,1.0
142,Central African Republic,2023,Cepheid GeneXpert Model GX-IV- 4 module Instrument with desktop [GXIV-4D],19000.0,6.0
143,Central African Republic,2023,Cepheid GeneXpert Model GX-XVI-16 module instrument with desktop[GXXVI-16-D],72350.0,1.0
144,Chad,2016,Cepheid Xpert MTB/RIF,9.98,450.0
145,Comoros,2019,Cepheid GeneXpert Model GX-IV- 4 module Instrument with desktop [GXIV-4D],17000.0,2.0
146,Comoros,2019,Cepheid Xpert MTB/RIF,9.98,2000.0
147,Congo,2019,Cepheid GeneXpert Model GX-IV- 4 module Instrument with desktop [GXIV-4D],17000.0,1.0
148,Congo,2019,Cepheid Xpert MTB/RIF,9.98,3450.0
149,Congo,2020,Cepheid Xpert MTB/RIF,9.98,10300.0
150,Congo,2022,Cepheid Xpert MTB/RIF Ultra,9.98,14250.0
151,Congo,2023,Cepheid Xpert MTB/RIF Ultra,7.97,24900.0
152,Congo,2023,Cepheid Xpert MTB/XDR,14.9,360.0
153,Congo (Democratic Republic),2015,Cepheid Xpert MTB/RIF,9.98,30000.0
154,Congo (Democratic Republic),2017,Cepheid Xpert MTB/RIF,9.98,16750.0
155,Congo (Democratic Republic),2019,Cepheid Xpert MTB/RIF,9.98,18250.0
156,Cuba,2021,Cepheid GeneXpert Model GX-IV R2 2-module (10-color) Instrument with laptop [GXIV-2-L-10C],19790.0,6.0
157,Cuba,2021,Cepheid Xpert MTB/RIF Ultra,9.98,8300.0
158,Cuba,2023,Cepheid GeneXpert IV system with desktop computer (two sites) [GXIV-2-D],19000.0,8.0
159,Cuba,2023,Cepheid Xpert MTB/RIF Ultra,9.98,39950.0
160,Cuba,2023,Cepheid Xpert MTB/XDR,19.8,2400.0
161,CÃ´te d'Ivoire,2022,Cepheid Xpert MTB/RIF Ultra,9.98,35900.0
162,Djibouti,2017,Cepheid GeneXpert Model GX-IV- 4 module Instrument with laptop [GXIV-4-L],17500.0,2.0
163,Djibouti,2022,Cepheid Xpert MTB/RIF Ultra,9.98,4000.0
164,Djibouti,2022,Cepheid Xpert MTB/XDR,19.8,150.0
165,Djibouti,2023,Cepheid Xpert MTB/RIF Ultra,9.98,12600.0
166,Djibouti,2023,Cepheid Xpert MTB/XDR,19.8,150.0
167,Dominican Republic,2022,Cepheid Xpert MTB/RIF Ultra,9.98,500.0
168,Egypt,2015,Cepheid GeneXpert Model GX-IV- 4 module Instrument with laptop [GXIV-4-L],17500.0,9.0
169,Egypt,2015,Cepheid Xpert MTB/RIF,9.98,4150.0
170,Egypt,2016,Cepheid GeneXpert Model GX-IV- 4 module Instrument with laptop [GXIV-4-L],17500.0,10.0
171,Egypt,2016,Cepheid Xpert MTB/RIF,9.98,7500.0
172,Eritrea,2014,Cepheid GeneXpert Model GX-IV- 4 module Instrument with desktop [GXIV-4D],17000.0,4.0
173,Eritrea,2015,Cepheid GeneXpert Model GX-IV- 4 module Instrument with desktop [GXIV-4D],17000.0,4.0
174,Eritrea,2015,Cepheid Xpert MTB/RIF,9.98,1500.0
175,Eritrea,2016,Cepheid GeneXpert Model GX-IV- 4 module Instrument with desktop [GXIV-4D],17000.0,3.0
176,Eritrea,2016,Cepheid Xpert MTB/RIF,9.98,1500.0
177,Eritrea,2017,Cepheid Xpert MTB/RIF,9.98,9000.0
178,Eritrea,2018,Cepheid GeneXpert IV system with laptop computer (two sites) [GXIV-2-L],18544.5,2.0
179,Eritrea,2018,Cepheid Xpert MTB/RIF,9.98,750.0
180,Eritrea,2019,Cepheid GeneXpert Model GX-IV- 4 module Instrument with laptop [GXIV-4-L],19810.0,1.0
181,Eritrea,2019,Cepheid Xpert MTB/RIF,9.98,27500.0
182,Eritrea,2019,Cepheid Xpert MTB/RIF Ultra,9.98,10000.0
183,Eritrea,2021,Cepheid Xpert MTB/RIF,9.98,10000.0
184,Eritrea,2021,Cepheid Xpert MTB/RIF Ultra,9.98,10000.0
185,Eritrea,2022,Cepheid Xpert MTB/RIF,9.98,7500.0
186,Eritrea,2022,Cepheid Xpert MTB/RIF Ultra,9.98,7500.0
187,Eritrea,2023,Cepheid Xpert MTB/RIF Ultra,9.98,25000.0
188,Eritrea,2023,Cepheid Xpert MTB/XDR,19.8,2000.0
189,Eswatini,2013,Cepheid GeneXpert Model GX-IV- 4 module Instrument with desktop [GXIV-4D],17985.88888888889,9.0
190,Eswatini,2014,Cepheid Xpert MTB/RIF,9.98,11150.0
191,Eswatini,2015,Cepheid Xpert MTB/RIF,9.98,114400.0
192,Eswatini,2016,Cepheid GeneXpert Model GX-IV- 4 module Instrument with desktop [GXIV-4D],19426.0,2.0
193,Eswatini,2016,Cepheid Xpert MTB/RIF,9.98,2050.0
194,Eswatini,2017,Cepheid GeneXpert Model GX-IV- 4 module Instrument with desktop [GXIV-4D],17994.1,20.0
195,Eswatini,2017,Cepheid GeneXpert Model GX-XVI-16 module instrument with desktop[GXXVI-16-D],75151.83333333333,6.0
196,Eswatini,2017,Cepheid Xpert MTB/RIF,9.98,17600.0
197,Eswatini,2020,Cepheid Xpert MTB/RIF,9.98,12500.0
198,Eswatini,2020,Cepheid Xpert MTB/RIF Ultra,9.98,10000.0
199,Eswatini,2021,Cepheid GeneXpert Model GX-XVI-16 module instrument with desktop[GXXVI-16-D],64350.0,1.0
200,Eswatini,2021,Cepheid Xpert MTB/RIF Ultra,9.98,10550.0
201,Ethiopia,2018,Cepheid Xpert MTB/RIF,9.98,100950.0
202,Ethiopia,2018,Cepheid Xpert MTB/RIF Ultra,9.98,100900.0
203,Ethiopia,2019,Cepheid Xpert MTB/RIF,9.98,91000.0
204,Ethiopia,2019,Cepheid Xpert MTB/RIF Ultra,9.98,269950.0
205,Ethiopia,2020,Cepheid Xpert MTB/RIF,9.98,257050.0
206,Ethiopia,2021,Cepheid Xpert MTB/RIF,9.98,285000.0
207,Ethiopia,2023,Cepheid Xpert MTB/RIF Ultra,9.98,353900.0
208,Ethiopia,2023,Cepheid Xpert MTB/XDR,19.8,7200.0
209,Fiji,2014,Cepheid Xpert MTB/RIF,9.98,300.0
210,Fiji,2015,Cepheid Xpert MTB/RIF,9.98,700.0
211,Fiji,2016,Cepheid Xpert MTB/RIF,9.98,1300.0
212,Fiji,2017,Cepheid Xpert MTB/RIF,9.98,5900.0
213,Gabon,2016,Cepheid GeneXpert Model GX-IV- 4 module Instrument with desktop [GXIV-4D],17000.0,3.0
214,Gabon,2016,Cepheid Xpert MTB/RIF,9.98,1750.0
215,Gabon,2018,Cepheid GeneXpert Model GX-IV- 4 module Instrument with desktop [GXIV-4D],17000.0,2.0
216,Gabon,2018,Cepheid Xpert MTB/RIF,9.98,8300.0
217,Gabon,2019,Cepheid Xpert MTB/RIF,9.98,8100.0
218,Gabon,2020,Cepheid Xpert MTB/RIF,9.98,2550.0
219,Gabon,2020,Cepheid Xpert MTB/RIF Ultra,9.98,4600.0
220,Gabon,2021,Cepheid Xpert MTB/RIF,9.98,4350.0
221,Gabon,2021,Cepheid Xpert MTB/RIF Ultra,9.98,500.0
222,Gabon,2022,Cepheid Xpert MTB/RIF,9.98,7300.0
223,Gabon,2022,Cepheid Xpert MTB/RIF Ultra,9.98,23250.0
224,Gabon,2022,Cepheid Xpert MTB/XDR,19.8,60.0
225,Gambia,2013,Cepheid GeneXpert Model GX-IV- 4 module Instrument with desktop [GXIV-4D],17000.0,1.0
226,Gambia,2013,Cepheid Xpert MTB/RIF,9.98,500.0
227,Gambia,2017,Cepheid GeneXpert Model GX-IV- 4 module Instrument with desktop [GXIV-4D],17000.0,3.0
228,Gambia,2017,Cepheid Xpert MTB/RIF,9.98,1000.0
229,Gambia,2019,Cepheid Xpert MTB/RIF Ultra,9.98,3000.0
230,Gambia,2021,Cepheid Xpert MTB/RIF,9.98,1050.0
231,Gambia,2021,Cepheid Xpert MTB/RIF Ultra,9.98,1500.0
232,Gambia,2022,Cepheid Xpert MTB/RIF,9.98,5100.0
233,Gambia,2022,Cepheid Xpert MTB/RIF Ultra,9.98,11250.0
234,Gambia,2022,Cepheid Xpert MTB/XDR,19.8,20.0
235,Gambia,2023,Cepheid Xpert MTB/RIF Ultra,9.98,12000.0
236,Gambia,2023,Cepheid Xpert MTB/XDR,14.9,150.0
237,Gambia,2023,Cepheid Xpert MTB/XDR,19.8,600.0
238,Gambia,2024,Cepheid Xpert MTB/RIF Ultra,7.97,15550.0
239,Gambia,2024,Cepheid Xpert MTB/XDR,14.9,50.0
240,Georgia,2014,Cepheid GeneXpert Model GX-IV- 4 module Instrument with desktop [GXIV-4D],17000.0,9.0
241,Georgia,2015,Cepheid Xpert MTB/RIF,9.98,32100.0
242,Georgia,2016,Cepheid GeneXpert IV system with desktop computer (two sites) [GXIV-2-D],11780.0,12.0
243,Georgia,2016,Cepheid GeneXpert Model GX-IV- 4 module Instrument with desktop [GXIV-4D],17000.0,7.0
244,Georgia,2016,Cepheid Xpert MTB/RIF,9.98,10550.0
245,Georgia,2017,Cepheid Xpert MTB/RIF,9.98,18700.0
246,Georgia,2018,Cepheid Xpert MTB/RIF,9.98,17000.0
247,Georgia,2019,Cepheid GeneXpert Model GX-XVI-16 module instrument with desktop[GXXVI-16-D],71500.0,2.0
248,Georgia,2019,Cepheid GeneXpert Model GX-XVI-16 module instrument with laptop [GXXVI-16-L],71500.0,2.0
249,Georgia,2019,Cepheid Xpert MTB/RIF Ultra,9.98,33000.0
250,Georgia,2020,Cepheid Xpert MTB/RIF Ultra,9.98,24000.0
251,Georgia,2021,Cepheid GeneXpert Model GX-XVI-16 module instrument with desktop[GXXVI-16-D],63850.0,1.0
252,Georgia,2021,Cepheid Xpert MTB/XDR,19.8,200.0
253,Georgia,2023,Cepheid Xpert MTB/RIF Ultra,9.98,20000.0
254,Georgia,2023,Cepheid Xpert MTB/XDR,19.8,800.0
255,Guatemala,2018,Cepheid Xpert MTB/RIF,9.98,5000.0
256,Guatemala,2018,Cepheid Xpert MTB/RIF Ultra,9.98,2000.0
257,Guatemala,2019,Cepheid GeneXpert Model GX-IV- 4 module Instrument with desktop [GXIV-4D],17000.0,1.0
258,Guatemala,2019,Cepheid Xpert MTB/RIF,9.98,6800.0
259,Guatemala,2019,Cepheid Xpert MTB/RIF Ultra,9.98,2500.0
260,Guatemala,2020,Cepheid GeneXpert GX-I-Single module instrument with laptop [GXI-1-L],8945.0,4.0
261,Guatemala,2020,Cepheid Xpert MTB/RIF,9.98,5000.0
262,Guatemala,2020,Cepheid Xpert MTB/RIF Ultra,9.98,4350.0
263,Guatemala,2021,Cepheid Xpert MTB/RIF,9.98,5000.0
264,Guatemala,2021,Cepheid Xpert MTB/RIF Ultra,9.98,4650.0
265,Guatemala,2022,Cepheid GeneXpert GX-I-Single module instrument with laptop [GXI-1-L],8945.0,4.0
266,Guatemala,2022,Cepheid GeneXpert Model GX-IV- 4 module Instrument with desktop [GXIV-4D],19000.0,1.0
267,Guatemala,2022,Cepheid Xpert MTB/RIF Ultra,9.98,5100.0
268,Guatemala,2023,Cepheid Xpert MTB/RIF Ultra,7.97,5150.0
269,Guatemala,2023,Cepheid Xpert MTB/XDR,19.8,150.0
270,Guinea,2015,Cepheid GeneXpert Model GX-IV- 4 module Instrument with desktop [GXIV-4D],17000.0,1.0
271,Guinea,2015,Cepheid Xpert MTB/RIF,9.98,2200.0
272,Guinea,2018,Cepheid Xpert MTB/RIF,9.98,11050.0
273,Guinea,2018,Cepheid Xpert MTB/RIF Ultra,9.98,4350.0
274,Guinea,2019,Cepheid Xpert MTB/RIF,9.98,5000.0
275,Guinea,2019,Cepheid Xpert MTB/RIF Ultra,9.98,6250.0
276,Guinea,2021,Cepheid Xpert MTB/RIF,9.98,8000.0
277,Guinea,2021,Cepheid Xpert MTB/RIF Ultra,9.98,8150.0
278,Guinea-Bissau,2014,Cepheid Xpert MTB/RIF,9.98,560.0
279,Guinea-Bissau,2015,Cepheid Xpert MTB/RIF,9.98,400.0
280,Guinea-Bissau,2018,Cepheid GeneXpert Model GX-IV- 4 module Instrument with laptop [GXIV-4-L],17500.0,3.0
281,Guinea-Bissau,2018,Cepheid Xpert MTB/RIF,9.98,2150.0
282,Guinea-Bissau,2018,Cepheid Xpert MTB/RIF Ultra,9.98,1500.0
283,Guinea-Bissau,2019,Cepheid Xpert MTB/RIF Ultra,9.98,1000.0
284,Guinea-Bissau,2020,Cepheid GeneXpert Model GX-IV- 4 module Instrument with laptop [GXIV-4-L],17500.0,4.0
285,Guinea-Bissau,2020,Cepheid Xpert MTB/RIF Ultra,9.98,20400.0
286,Guinea-Bissau,2022,Cepheid Xpert MTB/RIF Ultra,9.98,14400.0
287,Guinea-Bissau,2022,Cepheid Xpert MTB/XDR,19.8,80.0
288,Guinea-Bissau,2023,Cepheid Xpert MTB/RIF Ultra,9.98,16900.0
289,Guinea-Bissau,2024,Cepheid Xpert MTB/RIF Ultra,7.97,37250.0
290,Haiti,2015,Cepheid Xpert MTB/RIF,9.98,19150.0
291,Haiti,2016,Cepheid Xpert MTB/RIF,9.98,18750.0
292,Haiti,2017,Cepheid Xpert MTB/RIF,9.98,2270.0
293,Haiti,2018,Cepheid Xpert MTB/RIF,9.98,13225.0
294,Haiti,2019,Cepheid Xpert MTB/RIF,9.98,5250.0
295,Haiti,2020,Cepheid GeneXpert Model GX-IV- 4 module Instrument with desktop [GXIV-4D],17000.0,10.0
296,Haiti,2020,Cepheid Xpert MTB/RIF,9.98,54550.0
297,Haiti,2020,Cepheid Xpert MTB/RIF Ultra,9.98,9650.0
298,India,2018,Cepheid Xpert MTB/RIF,9.98,660150.0
299,India,2019,Cepheid Xpert MTB/RIF,9.98,1026600.0
300,India,2020,Cepheid Xpert MTB/RIF,9.98,1560000.0
301,Indonesia,2012,Cepheid Xpert MTB/RIF,9.98,15000.0
302,Indonesia,2013,Cepheid GeneXpert Model GX-IV- 4 module Instrument with desktop [GXIV-4D],17000.0,24.0
303,Indonesia,2014,Cepheid Xpert MTB/RIF,9.98,28000.0
304,Indonesia,2015,Cepheid GeneXpert IV system with desktop computer (two sites) [GXIV-2-D],11780.0,42.0
305,Indonesia,2015,Cepheid Xpert MTB/RIF,9.98,30000.0
306,Indonesia,2016,Cepheid GeneXpert IV system with desktop computer (two sites) [GXIV-2-D],17000.0,40.0
307,Indonesia,2016,Cepheid GeneXpert Model GX-IV- 4 module Instrument with desktop [GXIV-4D],16906.5,100.0
308,Indonesia,2016,Cepheid GeneXpert Model GX-IV- 4 module Instrument with desktop [GXIV-4D],17000.0,190.0
309,Indonesia,2016,Cepheid GeneXpert Model GX-XVI-16 module instrument with desktop[GXXVI-16-D],71000.0,4.0
310,Indonesia,2016,Cepheid Xpert MTB/RIF,9.98,184350.0
311,Indonesia,2017,Cepheid GeneXpert Model GX-IV- 4 module Instrument with desktop [GXIV-4D],16906.952,125.0
312,Iran (Islamic Republic),2013,Cepheid GeneXpert Model GX-IV- 4 module Instrument with desktop [GXIV-4D],21875.0,4.0
313,Iran (Islamic Republic),2013,Cepheid Xpert MTB/RIF,9.98,7200.0
314,Iran (Islamic Republic),2019,Cepheid Xpert MTB/RIF,9.98,1000.0
315,Iran (Islamic Republic),2021,Cepheid GeneXpert Model GX-IV R2 2-module (10-color) Instrument with laptop [GXIV-2-L-10C],19500.0,1.0
316,Iran (Islamic Republic),2021,Cepheid GeneXpert Model GX-IV- 4 module Instrument with laptop [GXIV-4-L],17500.0,5.0
317,Iran (Islamic Republic),2021,Cepheid Xpert MTB/RIF Ultra,9.98,3500.0
318,Iran (Islamic Republic),2022,Cepheid Xpert MTB/RIF Ultra,9.98,2000.0
319,Iraq,2013,Cepheid GeneXpert Model GX-IV- 4 module Instrument with desktop [GXIV-4D],17500.0,7.0
320,Iraq,2013,Cepheid GeneXpert Model GX-IV- 4 module Instrument with desktop [GXIV-4D],22753.85714285714,7.0
321,Iraq,2013,Cepheid Xpert MTB/RIF,9.98,20000.0
322,Iraq,2014,Cepheid Xpert MTB/RIF,9.98,10000.0
323,Iraq,2015,Cepheid Xpert MTB/RIF,9.98,14000.0
324,Iraq,2017,Cepheid Xpert MTB/RIF,9.98,7700.0
325,Kazakhstan,2013,Cepheid Xpert MTB/RIF,9.98,8570.0
326,Kazakhstan,2014,Cepheid GeneXpert IV system with desktop computer (two sites) [GXIV-2-D],12163.5,2.0
327,Kazakhstan,2014,Cepheid GeneXpert Model GX-IV- 4 module Instrument with desktop [GXIV-4D],16812.0,1.0
328,Kazakhstan,2014,Cepheid GeneXpert Model GX-IV- 4 module Instrument with desktop [GXIV-4D],16839.0,1.0
329,Kazakhstan,2015,Cepheid Xpert MTB/RIF,9.98,16850.0
330,Kazakhstan,2017,Cepheid GeneXpert GX-II-2 module instrument with desktop [GXII-2-D],11780.0,28.0
331,Kazakhstan,2017,Cepheid GeneXpert Model GX-IV- 4 module Instrument with desktop [GXIV-4D],17000.0,5.0
332,Kazakhstan,2017,Cepheid Xpert MTB/RIF,9.98,54200.0
333,Kazakhstan,2019,Cepheid GeneXpert IV system with desktop computer (two sites) [GXIV-2-D],11780.0,19.0
334,Kazakhstan,2019,Cepheid Xpert MTB/RIF,9.98,10500.0
335,Kazakhstan,2020,Cepheid Xpert MTB/RIF,9.98,6200.0
336,Kazakhstan,2022,Cepheid GeneXpert Model GX-IV- 4 module Instrument with desktop [GXIV-4D],19000.0,20.0
337,Kazakhstan,2022,Cepheid Xpert MTB/RIF Ultra,9.98,34200.0
338,Kazakhstan,2022,Cepheid Xpert MTB/XDR,19.8,4000.0
339,Kazakhstan,2023,Cepheid Xpert MTB/XDR,14.9,4000.0
340,Kazakhstan,2023,Cepheid Xpert MTB/XDR,19.8,4000.0
341,Kenya,2022,Cepheid Xpert MTB/RIF Ultra,9.98,206400.0
342,Kenya,2023,Cepheid Xpert MTB/RIF Ultra,9.98,537350.0
343,Kenya,2024,Cepheid Xpert MTB/RIF Ultra,7.97,420550.0
344,Korea (Democratic Peoples Republic),2014,Cepheid Xpert MTB/RIF,9.98,300.0
345,Kyrgyzstan,2015,Cepheid GeneXpert Model GX-IV- 4 module Instrument with desktop [GXIV-4D],17000.0,3.0
346,Kyrgyzstan,2016,Cepheid GeneXpert GX-II-2 module instrument with desktop [GXII-2-D],11530.0,8.0
347,Kyrgyzstan,2016,Cepheid Xpert MTB/RIF,9.98,16000.0
348,Kyrgyzstan,2018,Cepheid Xpert MTB/RIF,9.98,13865.0
349,Kyrgyzstan,2019,Cepheid Xpert MTB/RIF,9.98,10000.0
350,Kyrgyzstan,2019,Cepheid Xpert MTB/RIF Ultra,9.98,10000.0
351,Kyrgyzstan,2021,Cepheid Xpert MTB/RIF,9.98,7200.0
352,Kyrgyzstan,2021,Cepheid Xpert MTB/RIF Ultra,9.98,17800.0
353,Kyrgyzstan,2022,Cepheid Xpert MTB/RIF,9.98,5000.0
354,Kyrgyzstan,2022,Cepheid Xpert MTB/RIF Ultra,9.98,50000.0
355,Lao (Peoples Democratic Republic),2013,Cepheid GeneXpert Model GX-IV- 4 module Instrument with desktop [GXIV-4D],17500.0,3.0
356,Lao (Peoples Democratic Republic),2013,Cepheid GeneXpert Model GX-IV- 4 module Instrument with laptop [GXIV-4-L],17500.0,3.0
357,Lao (Peoples Democratic Republic),2013,Cepheid Xpert MTB/RIF,9.98,7680.0
358,Lao (Peoples Democratic Republic),2014,Cepheid GeneXpert Model GX-IV- 4 module Instrument with desktop [GXIV-4D],17500.0,7.0
359,Lao (Peoples Democratic Republic),2014,Cepheid Xpert MTB/RIF,9.98,4350.0
360,Lao (Peoples Democratic Republic),2016,Cepheid Xpert MTB/RIF,9.98,25000.0
361,Lesotho,2015,Cepheid Xpert MTB/RIF,9.98,22350.0
362,Lesotho,2016,Cepheid Xpert MTB/RIF,9.98,54350.0
363,Liberia,2013,Cepheid GeneXpert Model GX-IV- 4 module Instrument with desktop [GXIV-4D],17000.0,2.0
364,Liberia,2013,Cepheid Xpert MTB/RIF,9.98,9000.0
365,Liberia,2017,Cepheid GeneXpert Model GX-IV- 4 module Instrument with laptop [GXIV-4-L],17500.0,2.0
366,Liberia,2020,Cepheid Xpert MTB/RIF,9.98,3250.0
367,Liberia,2020,Cepheid Xpert MTB/XDR,19.8,200.0
368,Liberia,2021,Cepheid GeneXpert Model GX-IV- 4 module Instrument with desktop [GXIV-4D],17000.0,5.0
369,Liberia,2021,Cepheid Xpert MTB/RIF,9.98,12500.0
370,Liberia,2021,Cepheid Xpert MTB/RIF Ultra,9.98,12500.0
371,Liberia,2022,Cepheid Xpert MTB/RIF,9.98,12500.0
372,Malawi,2016,Cepheid GeneXpert IV system with laptop computer (two sites) [GXIV-2-L],17500.0,11.0
373,Malawi,2016,Cepheid Xpert MTB/RIF,9.98,70000.0
374,Malawi,2017,Cepheid GeneXpert IV system with desktop computer (two sites) [GXIV-2-D],17000.0,10.0
375,Malawi,2020,Cepheid Xpert MTB/RIF,9.98,48100.0
376,Malawi,2021,Cepheid Xpert MTB/RIF,9.98,41450.0
377,Malawi,2022,Cepheid Xpert MTB/RIF,9.98,33000.0
378,Malawi,2022,Cepheid Xpert MTB/RIF Ultra,9.98,11000.0
379,Malawi,2023,Cepheid Xpert MTB/RIF Ultra,7.97,37000.0
380,Malawi,2023,Cepheid Xpert MTB/RIF Ultra,9.98,62000.0
381,Mali,2016,Cepheid GeneXpert Model GX-IV- 4 module Instrument with laptop [GXIV-4-L],17500.0,7.0
382,Mali,2016,Cepheid Xpert MTB/RIF,9.98,4600.0
383,Mali,2018,Cepheid GeneXpert Model GX-IV- 4 module Instrument with laptop [GXIV-4-L],17500.0,10.0
384,Mali,2018,Cepheid Xpert MTB/RIF,9.98,15000.0
385,Mauritania,2017,Cepheid Xpert MTB/RIF,9.98,2800.0
386,Mauritania,2019,Cepheid Xpert MTB/RIF Ultra,9.98,1200.0
387,Mauritania,2022,Cepheid Xpert MTB/RIF Ultra,9.98,3400.0
388,Moldova,2015,Cepheid GeneXpert IV system with desktop computer (two sites) [GXIV-2-D],11780.0,27.0
389,Moldova,2015,Cepheid Xpert MTB/RIF,9.98,21700.0
390,Moldova,2016,Cepheid Xpert MTB/RIF,9.98,22050.0
391,Moldova,2017,Cepheid Xpert MTB/RIF,9.98,62000.0
392,Moldova,2018,Cepheid Xpert MTB/RIF,9.98,14800.0
393,Moldova,2019,Cepheid Xpert MTB/RIF,9.98,25300.0
394,Moldova,2019,Cepheid Xpert MTB/RIF Ultra,9.98,1100.0
395,Moldova,2020,Cepheid Xpert MTB/RIF,9.98,16000.0
396,Moldova,2022,Cepheid GeneXpert Model GX-IV- 4 module Instrument with laptop [GXIV-4-L],19500.0,4.0
397,Moldova,2022,Cepheid Xpert MTB/RIF Ultra,9.98,41990.0
398,Moldova,2022,Cepheid Xpert MTB/XDR,19.8,2000.0
399,Moldova,2023,Cepheid GeneXpert Model GX-XVI-16 module instrument with desktop[GXXVI-16-D],71850.0,1.0
400,Moldova,2024,Cepheid Xpert MTB/RIF Ultra,7.97,16000.0
401,Mongolia,2013,Cepheid GeneXpert Model GX-IV- 4 module Instrument with desktop [GXIV-4D],17500.0,3.0
402,Mongolia,2013,Cepheid Xpert MTB/RIF,9.98,2000.0
403,Mongolia,2014,Cepheid Xpert MTB/RIF,9.98,2000.0
404,Mongolia,2015,Cepheid Xpert MTB/RIF,9.98,12000.0
405,Mongolia,2016,Cepheid GeneXpert Model GX-IV- 4 module Instrument with laptop [GXIV-4-L],17500.0,1.0
406,Mongolia,2016,Cepheid Xpert MTB/RIF,9.98,4000.0
407,Mongolia,2017,Cepheid GeneXpert Model GX-IV- 4 module Instrument with desktop [GXIV-4D],17000.0,2.0
408,Mongolia,2017,Cepheid GeneXpert Model GX-IV- 4 module Instrument with laptop [GXIV-4-L],17500.0,3.0
409,Mongolia,2017,Cepheid GeneXpert Model GX-XVI-16 module instrument with desktop[GXXVI-16-D],71000.0,1.0
410,Mongolia,2017,Cepheid Xpert MTB/RIF,9.98,29650.0
411,Mongolia,2018,Cepheid GeneXpert Model GX-IV- 4 module Instrument with laptop [GXIV-4-L],17500.0,4.0
412,Mongolia,2018,Cepheid Xpert MTB/RIF,9.98,2600.0
413,Mongolia,2018,Cepheid Xpert MTB/RIF Ultra,9.98,12000.0
414,Mongolia,2023,Cepheid Xpert MTB/XDR,19.8,2000.0
415,Morocco,2022,Cepheid Xpert MTB/RIF Ultra,9.98,80000.0
416,Mozambique,2016,Cepheid GeneXpert Model GX-IV- 4 module Instrument with laptop [GXIV-4-L],26550.0,8.0
417,Mozambique,2016,Cepheid Xpert MTB/RIF,9.98,7850.0
418,Mozambique,2017,Cepheid Xpert MTB/RIF,9.98,68000.0
419,Mozambique,2018,Cepheid Xpert MTB/RIF,9.98,271500.0
420,Mozambique,2019,Cepheid Xpert MTB/RIF,9.98,66150.0
421,Mozambique,2019,Cepheid Xpert MTB/RIF Ultra,9.98,28900.0
422,Mozambique,2020,Cepheid Xpert MTB/RIF,9.98,50000.0
423,Mozambique,2020,Cepheid Xpert MTB/RIF Ultra,9.98,22900.0
424,Myanmar,2013,Cepheid GeneXpert Model GX-IV- 4 module Instrument with desktop [GXIV-4D],17000.0,8.0
425,Myanmar,2013,Cepheid Xpert MTB/RIF,9.98,5780.0
426,Myanmar,2014,Cepheid GeneXpert Model GX-IV- 4 module Instrument with desktop [GXIV-4D],17000.0,8.0
427,Myanmar,2014,Cepheid Xpert MTB/RIF,9.98,39900.0
428,Myanmar,2015,Cepheid GeneXpert Model GX-IV- 4 module Instrument with desktop [GXIV-4D],17000.0,8.0
429,Myanmar,2015,Cepheid Xpert MTB/RIF,9.98,36500.0
430,Myanmar,2016,Cepheid GeneXpert Model GX-IV- 4 module Instrument with desktop [GXIV-4D],17000.0,21.0
431,Myanmar,2016,Cepheid Xpert MTB/RIF,9.98,38750.0
432,Myanmar,2017,Cepheid GeneXpert Model GX-IV- 4 module Instrument with laptop [GXIV-4-L],450.0,15.0
433,Myanmar,2017,Cepheid GeneXpert Model GX-IV- 4 module Instrument with laptop [GXIV-4-L],17500.0,19.0
434,Myanmar,2017,Cepheid Xpert MTB/RIF,9.98,26650.0
435,Myanmar,2018,Cepheid Xpert MTB/RIF,9.98,85000.0
436,Myanmar,2018,Cepheid Xpert MTB/RIF Ultra,9.98,6000.0
437,Myanmar,2019,Cepheid Xpert MTB/RIF,9.98,194350.0
438,Myanmar,2019,Cepheid Xpert MTB/RIF Ultra,9.98,132400.0
439,Myanmar,2020,Cepheid GeneXpert Model GX-IV- 4 module Instrument with laptop [GXIV-4-L],17500.0,15.0
440,Myanmar,2020,Cepheid GeneXpert Model GX-XVI-16 module instrument with desktop[GXXVI-16-D],63850.0,2.0
441,Myanmar,2020,Cepheid Xpert MTB/RIF,9.98,55050.0
442,Myanmar,2021,Cepheid GeneXpert Model GX-IV- 4 module Instrument with desktop [GXIV-4D],19000.0,1.0
443,Myanmar,2021,Cepheid GeneXpert Model GX-IV- 4 module Instrument with laptop [GXIV-4-L],17500.0,14.0
444,Myanmar,2021,Cepheid GeneXpert Model GX-IV- 4 module Instrument with laptop [GXIV-4-L],19500.0,23.0
445,Myanmar,2021,Cepheid GeneXpert Model GX-XVI-16 module instrument with laptop [GXXVI-16-L],64350.0,1.0
446,Myanmar,2021,Cepheid Xpert MTB/RIF,9.98,63700.0
447,Myanmar,2021,Cepheid Xpert MTB/RIF Ultra,9.98,63650.0
448,Myanmar,2021,Cepheid Xpert MTB/XDR,19.8,1000.0
449,Myanmar,2022,Cepheid GeneXpert Model GX-IV- 4 module Instrument with laptop [GXIV-4-L],17500.0,10.0
450,Myanmar,2022,Cepheid GeneXpert Model GX-XVI-16 module instrument with desktop[GXXVI-16-D],63850.0,1.0
451,Myanmar,2022,Cepheid Xpert MTB/RIF,9.98,55100.0
452,Myanmar,2022,Cepheid Xpert MTB/RIF Ultra,9.98,450.0
453,Myanmar,2022,Cepheid Xpert MTB/XDR,19.8,14670.0
454,Myanmar,2023,Cepheid GeneXpert Model GX-IV- 4 module Instrument with laptop [GXIV-4-L],17500.0,14.0
455,Myanmar,2023,Cepheid GeneXpert Model GX-XVI-16 module instrument with desktop[GXXVI-16-D],71850.0,4.0
456,Myanmar,2023,Cepheid Xpert MTB/RIF Ultra,7.97,1150.0
457,Myanmar,2023,Cepheid Xpert MTB/RIF Ultra,9.98,191500.0
458,Myanmar,2023,Cepheid Xpert MTB/XDR,14.9,240.0
459,Myanmar,2023,Cepheid Xpert MTB/XDR,19.8,5160.0
460,Nepal,2016,Cepheid Xpert MTB/RIF,9.98,20300.0
461,Nepal,2017,Cepheid GeneXpert Model GX-IV- 4 module Instrument with desktop [GXIV-4D],17000.0,4.0
462,Nepal,2017,Cepheid Xpert MTB/RIF,9.98,10000.0
463,Nepal,2018,Cepheid Xpert MTB/RIF,9.98,50000.0
464,Nepal,2019,Cepheid Xpert MTB/RIF,9.98,40000.0
465,Nepal,2021,Cepheid Xpert MTB/RIF,9.98,129900.0
466,Nicaragua,2019,Cepheid Xpert MTB/RIF Ultra,9.98,4300.0
467,Nicaragua,2020,Cepheid Xpert MTB/RIF Ultra,9.98,4100.0
468,Nicaragua,2021,Cepheid Xpert MTB/RIF Ultra,9.98,2650.0
469,Nicaragua,2022,Cepheid GeneXpert Model GX-IV- 4 module Instrument with desktop [GXIV-4D],380.0,50.0
470,Nicaragua,2022,Cepheid GeneXpert Model GX-XVI-16 module instrument with desktop[GXXVI-16-D],1437.0,50.0
471,Nicaragua,2022,Cepheid Xpert MTB/RIF,9.98,11600.0
472,Nicaragua,2022,Cepheid Xpert MTB/RIF Ultra,9.98,4000.0
473,Nicaragua,2023,Cepheid GeneXpert Model GX-IV- 4 module Instrument with desktop [GXIV-4D],19000.0,3.0
474,Nicaragua,2023,Cepheid GeneXpert Model GX-XVI-16 module instrument with desktop[GXXVI-16-D],71850.0,1.0
475,Nicaragua,2023,Cepheid Xpert MTB/RIF Ultra,7.97,23800.0
476,Niger,2017,Cepheid Xpert MTB/RIF,9.98,800.0
477,Niger,2018,Cepheid GeneXpert GX-II-2 module instrument with desktop [GXII-2-D],17000.0,6.0
478,Nigeria,2021,Cepheid Xpert MTB/RIF Ultra,9.98,1652900.0
479,North Macedonia,2014,Cepheid GeneXpert Model GX-IV- 4 module Instrument with desktop [GXIV-4D],17525.0,1.0
480,North Macedonia,2014,Cepheid Xpert MTB/RIF,9.98,500.0
481,North Macedonia,2015,Cepheid Xpert MTB/RIF,9.98,2400.0
482,Pakistan,2016,Cepheid GeneXpert Model GX-IV- 4 module Instrument with desktop [GXIV-4D],17350.0,39.0
483,Pakistan,2017,Cepheid GeneXpert Model GX-XVI-16 module instrument with laptop [GXXVI-16-L],23833.333333333332,3.0
484,Pakistan,2017,Cepheid GeneXpert Model GX-XVI-16 module instrument with laptop [GXXVI-16-L],90004.0,3.0
485,Pakistan,2017,Cepheid Xpert MTB/RIF,9.98,731750.0
486,Pakistan,2018,Cepheid Xpert MTB/RIF Ultra,9.98,20000.0
487,Pakistan,2019,Cepheid Xpert MTB/RIF Ultra,9.98,150000.0
488,Pakistan,2020,Cepheid Xpert MTB/RIF,9.98,150000.0
489,Palestine,2014,Cepheid GeneXpert Model GX-IV- 4 module Instrument with laptop [GXIV-4-L],17500.0,1.0
490,Palestine,2014,Cepheid Xpert MTB/RIF,9.98,50.0
491,Panama,2016,Cepheid GeneXpert Model GX-IV- 4 module Instrument with laptop [GXIV-4-L],17500.0,5.0
492,Panama,2016,Cepheid Xpert MTB/RIF,9.98,2450.0
493,Panama,2017,Cepheid Xpert MTB/RIF,9.98,3000.0
494,Panama,2018,Cepheid GeneXpert Model GX-IV- 4 module Instrument with laptop [GXIV-4-L],17500.0,1.0
495,Panama,2018,Cepheid Xpert MTB/RIF,9.98,500.0
496,Panama,2020,Cepheid GeneXpert Model GX-IV- 4 module Instrument with laptop [GXIV-4-L],17500.0,3.0
497,Panama,2020,Cepheid Xpert MTB/RIF,9.98,3900.0
498,Panama,2021,Cepheid GeneXpert Model GX-IV- 4 module Instrument with laptop [GXIV-4-L],15800.0,4.0
499,Papua New Guinea,2015,Cepheid Xpert MTB/RIF,9.98,350.0
500,Papua New Guinea,2018,Cepheid GeneXpert Model GX-IV- 4 module Instrument with laptop [GXIV-4-L],17500.0,30.0
501,Papua New Guinea,2018,Cepheid Xpert MTB/RIF,9.98,10000.0
502,Papua New Guinea,2018,Cepheid Xpert MTB/RIF Ultra,9.98,5000.0
503,Papua New Guinea,2019,Cepheid Xpert MTB/RIF Ultra,9.98,15000.0
504,Papua New Guinea,2020,Cepheid GeneXpert Model GX-IV- 4 module Instrument with laptop [GXIV-4-L],17500.0,25.0
505,Papua New Guinea,2020,Cepheid Xpert MTB/RIF Ultra,9.98,5000.0
506,Papua New Guinea,2021,Cepheid Xpert MTB/RIF Ultra,9.98,50000.0
507,Papua New Guinea,2022,Cepheid Xpert MTB/RIF Ultra,9.98,67200.0
508,Papua New Guinea,2022,Cepheid Xpert MTB/XDR,19.8,2000.0
509,Paraguay,2013,Cepheid GeneXpert Model GX-IV- 4 module Instrument with desktop [GXIV-4D],17000.0,2.0
510,Paraguay,2013,Cepheid Xpert MTB/RIF,9.98,1920.0
511,Paraguay,2014,Cepheid Xpert MTB/RIF,9.98,1000.0
512,Paraguay,2015,Cepheid Xpert MTB/RIF,9.98,1750.0
513,Paraguay,2016,Cepheid GeneXpert IV system with laptop computer (two sites) [GXIV-2-L],11164.0,3.0
514,Paraguay,2016,Cepheid GeneXpert Model GX-IV- 4 module Instrument with desktop [GXIV-4D],15455.0,2.0
515,Paraguay,2016,Cepheid Xpert MTB/RIF,9.98,4350.0
516,Paraguay,2017,Cepheid Xpert MTB/RIF,9.98,4100.0
517,Paraguay,2018,Cepheid GeneXpert Model GX-IV- 4 module Instrument with desktop [GXIV-4D],15454.666666666666,3.0
518,Paraguay,2018,Cepheid Xpert MTB/RIF,9.98,2900.0
519,Paraguay,2019,Cepheid GeneXpert Model GX-IV- 4 module Instrument with laptop [GXIV-4-L],15909.166666666666,6.0
520,Paraguay,2019,Cepheid Xpert MTB/RIF,9.98,3050.0
521,Paraguay,2020,Cepheid Xpert MTB/RIF,9.98,2550.0
522,Paraguay,2021,Cepheid GeneXpert Model GX-IV- 4 module Instrument with laptop [GXIV-4-L],17500.0,1.0
523,Paraguay,2021,Cepheid Xpert MTB/RIF Ultra,9.98,1600.0
524,Paraguay,2022,Cepheid GeneXpert Model GX-IV- 4 module Instrument with laptop [GXIV-4-L],17500.0,5.0
525,Paraguay,2022,Cepheid Xpert MTB/RIF Ultra,9.98,13500.0
526,Peru,2017,Cepheid GeneXpert Model GX-IV- 4 module Instrument with laptop [GXIV-4-L],624.7142857142857,14.0
527,Peru,2017,Cepheid GeneXpert Model GX-IV- 4 module Instrument with laptop [GXIV-4-L],25050.428571428572,7.0
528,Peru,2017,Cepheid GeneXpert Model GX-XVI-16 module instrument with desktop[GXXVI-16-D],624.75,8.0
529,Peru,2017,Cepheid GeneXpert Model GX-XVI-16 module instrument with laptop [GXXVI-16-L],102251.0,1.0
530,Peru,2019,Cepheid GeneXpert Model GX-IV- 4 module Instrument with laptop [GXIV-4-L],24632.333333333332,6.0
531,Peru,2019,Cepheid GeneXpert Model GX-XVI-16 module instrument with laptop [GXXVI-16-L],100641.0,1.0
532,Peru,2019,Cepheid Xpert MTB/RIF Ultra,9.98,150.0
533,Peru,2022,Cepheid Xpert MTB/RIF Ultra,9.98,15000.0
534,Peru,2023,Cepheid GeneXpert Model GX-IV R2 2-module (10-color) Instrument with laptop [GXIV-2-L-10C],9780.0,2.0
535,Peru,2023,Cepheid GeneXpert Model GX-IV R2 2-module (10-color) Instrument with laptop [GXIV-2-L-10C],12530.0,1.0
536,Peru,2023,Cepheid Xpert MTB/RIF Ultra,9.98,16700.0
537,Philippines,2018,Cepheid Xpert MTB/RIF,9.98,250000.0
538,Philippines,2019,Cepheid Xpert MTB/RIF,9.98,400000.0
539,Philippines,2019,Cepheid Xpert MTB/RIF Ultra,9.98,130000.0
540,Philippines,2020,Cepheid Xpert MTB/RIF Ultra,9.98,180000.0
541,Philippines,2022,Cepheid Xpert MTB/RIF Ultra,9.98,363550.0
542,Philippines,2023,Cepheid Xpert MTB/RIF Ultra,7.97,130000.0
543,Philippines,2023,Cepheid Xpert MTB/RIF Ultra,9.98,5886.0
544,Philippines,2023,Cepheid Xpert MTB/XDR,19.8,7000.0
545,Philippines,2024,Cepheid Xpert MTB/XDR,14.9,500.0
546,Romania,2015,Cepheid GeneXpert Model GX-IV- 4 module Instrument with laptop [GXIV-4-L],17500.0,6.0
547,Romania,2015,Cepheid Xpert MTB/RIF,9.98,5600.0
548,Romania,2017,Cepheid GeneXpert IV system with laptop computer (two sites) [GXIV-2-L],12280.0,1.0
549,Romania,2017,Cepheid GeneXpert Model GX-IV- 4 module Instrument with laptop [GXIV-4-L],17500.0,6.0
550,Romania,2017,Cepheid Xpert MTB/RIF,9.98,1500.0
551,Romania,2022,Cepheid GeneXpert Model GX-IV R2 2-module (10-color) Instrument with laptop [GXIV-2-L-10C],19500.0,17.0
552,Romania,2022,Cepheid Xpert MTB/RIF Ultra,9.98,32500.0
553,Romania,2022,Cepheid Xpert MTB/XDR,19.8,1360.0
554,Rwanda,2018,Cepheid Xpert MTB/RIF,9.98,29500.0
555,Rwanda,2019,Cepheid Xpert MTB/RIF,9.98,53000.0
556,Sao Tome and Principe,2015,Cepheid GeneXpert Model GX-IV- 4 module Instrument with laptop [GXIV-4-L],17500.0,1.0
557,Sao Tome and Principe,2015,Cepheid Xpert MTB/RIF,9.98,150.0
558,Sao Tome and Principe,2017,Cepheid Xpert MTB/RIF,9.98,150.0
559,Sao Tome and Principe,2018,Cepheid GeneXpert IV system with laptop computer (two sites) [GXIV-2-L],17500.0,1.0
560,Sao Tome and Principe,2018,Cepheid Xpert MTB/RIF,9.98,2000.0
561,Sao Tome and Principe,2019,Cepheid Xpert MTB/RIF,9.98,300.0
562,Sao Tome and Principe,2020,Cepheid Xpert MTB/RIF Ultra,9.98,1250.0
563,Sao Tome and Principe,2021,Cepheid GeneXpert Model GX-IV- 4 module Instrument with laptop [GXIV-4-L],17500.0,3.0
564,Sao Tome and Principe,2021,Cepheid Xpert MTB/RIF Ultra,9.98,10800.0
565,Sao Tome and Principe,2022,Cepheid Xpert MTB/RIF Ultra,9.98,2250.0
566,Senegal,2018,Cepheid Xpert MTB/RIF,9.98,10000.0
567,Senegal,2019,Cepheid Xpert MTB/RIF,9.98,13050.0
568,Senegal,2020,Cepheid Xpert MTB/RIF,9.98,9850.0
569,Senegal,2020,Cepheid Xpert MTB/RIF Ultra,9.98,3400.0
570,Senegal,2021,Cepheid Xpert MTB/RIF,9.98,21300.0
571,Senegal,2021,Cepheid Xpert MTB/RIF Ultra,9.98,21250.0
572,Senegal,2022,Cepheid Xpert MTB/RIF,9.98,4000.0
573,Senegal,2022,Cepheid Xpert MTB/RIF Ultra,9.98,13650.0
574,Senegal,2023,Cepheid Xpert MTB/RIF Ultra,9.98,62200.0
575,Sierra Leone,2016,Cepheid GeneXpert Model GX-IV- 4 module Instrument with desktop [GXIV-4D],17000.0,2.0
576,Sierra Leone,2016,Cepheid Xpert MTB/RIF,9.98,1000.0
577,Somalia,2018,Cepheid GeneXpert Model GX-IV- 4 module Instrument with desktop [GXIV-4D],9.98,1750.0
578,Somalia,2019,Cepheid GeneXpert Model GX-IV- 4 module Instrument with desktop [GXIV-4D],17500.0,1.0
579,Somalia,2019,Cepheid Xpert MTB/RIF Ultra,9.98,41000.0
580,Somalia,2020,Cepheid GeneXpert Model GX-IV- 4 module Instrument with laptop [GXIV-4-L],17500.0,10.0
581,Somalia,2020,Cepheid Xpert MTB/RIF Ultra,9.98,67500.0
582,Somalia,2021,Cepheid GeneXpert Model GX-IV R2 2-module (10-color) Instrument with laptop [GXIV-2-L-10C],19500.0,2.0
583,Somalia,2021,Cepheid Xpert MTB/RIF Ultra,9.98,57500.0
584,Somalia,2021,Cepheid Xpert MTB/XDR,19.8,1000.0
585,Somalia,2022,Cepheid Xpert MTB/RIF Ultra,9.98,104500.0
586,Somalia,2022,Cepheid Xpert MTB/XDR,19.8,3000.0
587,Somalia,2023,Cepheid Xpert MTB/RIF Ultra,9.98,50000.0
588,Somalia,2023,Cepheid Xpert MTB/XDR,19.8,7000.0
589,Somalia,2024,Cepheid Xpert MTB/RIF Ultra,7.97,70000.0
590,South Sudan,2016,Cepheid Xpert MTB/RIF,9.98,3550.0
591,South Sudan,2019,Cepheid Xpert MTB/RIF,9.98,5000.0
592,South Sudan,2020,Cepheid GeneXpert  GX-II-2 module instrument with laptop [GXII-2-L],17500.0,2.0
593,South Sudan,2020,Cepheid Xpert MTB/RIF,9.98,24500.0
594,South Sudan,2022,Cepheid Xpert MTB/RIF Ultra,9.98,34200.0
595,South Sudan,2023,Cepheid Xpert MTB/RIF Ultra,9.98,27500.0
596,South Sudan,2023,Cepheid Xpert MTB/XDR,19.8,200.0
597,South Sudan,2024,Cepheid Xpert MTB/RIF Ultra,7.97,23000.0
598,Sri Lanka,2016,Cepheid GeneXpert IV system with desktop computer (two sites) [GXIV-2-D],11780.0,2.0
599,Sri Lanka,2016,Cepheid GeneXpert Model GX-IV- 4 module Instrument with laptop [GXIV-4-L],17500.0,1.0
600,Sri Lanka,2022,Cepheid GeneXpert Model GX-IV R2 2-module (10-color) Instrument with laptop [GXIV-2-L-10C],19000.0,1.0
601,Sri Lanka,2022,Cepheid Xpert MTB/RIF,9.98,40000.0
602,Sri Lanka,2022,Cepheid Xpert MTB/XDR,19.8,250.0
603,Sudan,2015,Cepheid GeneXpert Model GX-IV- 4 module Instrument with laptop [GXIV-4-L],12.5,252.0
604,Sudan,2015,Cepheid Xpert MTB/RIF,9.98,2550.0
605,Sudan,2016,Cepheid GeneXpert Model GX-IV- 4 module Instrument with laptop [GXIV-4-L],17500.0,14.0
606,Sudan,2016,Cepheid Xpert MTB/RIF,9.98,3850.0
607,Sudan,2017,Cepheid GeneXpert Model GX-IV- 4 module Instrument with laptop [GXIV-4-L],17500.0,51.0
608,Sudan,2017,Cepheid Xpert MTB/RIF,9.98,7000.0
609,Sudan,2018,Cepheid Xpert MTB/RIF,9.98,17600.0
610,Sudan,2019,Cepheid Xpert MTB/RIF,9.98,25000.0
611,Sudan,2020,Cepheid GeneXpert Model GX-IV- 4 module Instrument with laptop [GXIV-4-L],17500.0,23.0
612,Sudan,2020,Cepheid Xpert MTB/RIF,9.98,57550.0
613,Syrian Arab Republic,2015,Cepheid Xpert MTB/RIF,9.98,150.0
614,Tajikistan,2018,Cepheid Xpert MTB/RIF Ultra,9.98,1500.0
615,Tajikistan,2019,Cepheid Xpert MTB/RIF Ultra,9.98,31000.0
616,Tajikistan,2020,Cepheid Xpert MTB/RIF,9.98,57050.0
617,Tajikistan,2020,Cepheid Xpert MTB/RIF Ultra,9.98,24500.0
618,Tajikistan,2021,Cepheid Xpert MTB/XDR,19.8,500.0
619,Tajikistan,2022,Cepheid Xpert MTB/RIF Ultra,9.98,25000.0
620,Tajikistan,2022,Cepheid Xpert MTB/XDR,19.8,800.0
621,Tajikistan,2023,Cepheid Xpert MTB/RIF Ultra,9.98,28950.0
622,Tajikistan,2023,Cepheid Xpert MTB/XDR,19.8,1310.0
623,Tanzania (United Republic),2017,Cepheid GeneXpert Model GX-IV- 4 module Instrument with desktop [GXIV-4D],17000.0,70.0
624,Tanzania (United Republic),2017,Cepheid Xpert MTB/RIF,9.98,99550.0
625,Thailand,2019,Cepheid Xpert MTB/RIF Ultra,9.98,135550.0
626,Thailand,2020,Cepheid Xpert MTB/RIF Ultra,9.98,190250.0
627,Thailand,2022,Cepheid GeneXpert Model GX-IV R2 2-module (10-color) Instrument with laptop [GXIV-2-L-10C],6840.0,30.0
628,Thailand,2022,Cepheid GeneXpert Model GX-IV- 4 module Instrument with laptop [GXIV-4-L],19500.0,16.0
629,Thailand,2022,Cepheid Xpert MTB/RIF Ultra,9.98,92562.0
630,Thailand,2023,Cepheid Xpert MTB/RIF Ultra,9.98,223350.0
631,Thailand,2023,Cepheid Xpert MTB/XDR,19.8,2000.0
632,Togo,2016,Cepheid GeneXpert Model GX-IV- 4 module Instrument with laptop [GXIV-4-L],17500.0,3.0
633,Togo,2016,Cepheid GeneXpert Model GX-XVI-16 module instrument with laptop [GXXVI-16-L],71500.0,1.0
634,Togo,2017,Cepheid GeneXpert Model GX-IV- 4 module Instrument with laptop [GXIV-4-L],17500.0,10.0
635,Togo,2017,Cepheid Xpert MTB/RIF,9.98,7500.0
636,Turkmenistan,2012,Cepheid Xpert MTB/RIF,16.86,840.0
637,Turkmenistan,2013,Cepheid GeneXpert Model GX-IV- 4 module Instrument with desktop [GXIV-4D],17790.0,2.0
638,Turkmenistan,2013,Cepheid Xpert MTB/RIF,9.98,6540.0
639,Turkmenistan,2015,Cepheid Xpert MTB/RIF,9.98,10200.0
640,Turkmenistan,2016,Cepheid Xpert MTB/RIF,9.98,6100.0
641,Turkmenistan,2017,Cepheid Xpert MTB/RIF,9.98,13000.0
642,Turkmenistan,2021,Cepheid Xpert MTB/RIF,9.98,5500.0
643,Uganda,2015,Cepheid Xpert MTB/RIF,9.98,30250.0
644,Uganda,2017,Cepheid GeneXpert Model GX-IV- 4 module Instrument with desktop [GXIV-4D],17000.0,73.0
645,Uganda,2017,Cepheid Xpert MTB/RIF,9.98,139150.0
646,Uganda,2018,Cepheid Xpert MTB/RIF Ultra,9.98,310000.0
647,Uganda,2019,Cepheid Xpert MTB/RIF Ultra,9.98,414850.0
648,Ukraine,2013,Cepheid GeneXpert Model GX-IV- 4 module Instrument with desktop [GXIV-4D],17000.0,15.0
649,Ukraine,2013,Cepheid Xpert MTB/RIF,9.98,31340.0
650,Ukraine,2014,Cepheid GeneXpert Model GX-IV- 4 module Instrument with desktop [GXIV-4D],17000.0,9.0
651,Ukraine,2014,Cepheid Xpert MTB/RIF,9.98,38550.0
652,Ukraine,2015,Cepheid GeneXpert Model GX-IV- 4 module Instrument with desktop [GXIV-4D],17000.0,14.0
653,Ukraine,2015,Cepheid Xpert MTB/RIF,9.98,49100.0
654,Ukraine,2016,Cepheid Xpert MTB/RIF,9.98,64900.0
655,Ukraine,2017,Cepheid GeneXpert Model GX-IV- 4 module Instrument with laptop [GXIV-4-L],17500.0,4.0
656,Ukraine,2017,Cepheid Xpert MTB/RIF,9.98,73700.0
657,Ukraine,2018,Cepheid GeneXpert Model GX-IV- 4 module Instrument with laptop [GXIV-4-L],17500.0,43.0
658,Ukraine,2018,Cepheid Xpert MTB/RIF,9.98,5350.0
659,Ukraine,2018,Cepheid Xpert MTB/RIF Ultra,9.98,46500.0
660,Ukraine,2019,Cepheid GeneXpert Model GX-IV- 4 module Instrument with laptop [GXIV-4-L],17500.0,5.0
661,Ukraine,2019,Cepheid Xpert MTB/RIF,9.98,200.0
662,Ukraine,2019,Cepheid Xpert MTB/RIF Ultra,9.98,64100.0
663,Ukraine,2020,Cepheid GeneXpert Model GX-IV- 4 module Instrument with laptop [GXIV-4-L],17500.0,38.0
664,Ukraine,2020,Cepheid Xpert MTB/RIF,9.98,5500.0
665,Ukraine,2020,Cepheid Xpert MTB/RIF Ultra,9.98,75950.0
666,Ukraine,2021,Cepheid GeneXpert Model GX-IV R2 2-module (10-color) Instrument with laptop [GXIV-2-L-10C],13280.0,53.0
667,Ukraine,2021,Cepheid GeneXpert Model GX-IV- 4 module Instrument with laptop [GXIV-4-L],19500.0,2.0
668,Ukraine,2021,Cepheid Xpert MTB/RIF Ultra,9.98,10900.0
669,Ukraine,2021,Cepheid Xpert MTB/XDR,19.8,2000.0
670,Ukraine,2022,Cepheid Xpert MTB/RIF,9.98,1000.0
671,Ukraine,2022,Cepheid Xpert MTB/RIF Ultra,9.98,82600.0
672,Ukraine,2022,Cepheid Xpert MTB/XDR,19.8,1330.0
673,Ukraine,2023,Cepheid Xpert MTB/RIF Ultra,9.98,197050.0
674,Ukraine,2023,Cepheid Xpert MTB/XDR,14.9,9000.0
675,Ukraine,2023,Cepheid Xpert MTB/XDR,19.8,5520.0
676,Ukraine,2024,Cepheid Xpert MTB/RIF Ultra,7.97,62750.0
677,Uzbekistan,2014,Cepheid GeneXpert Model GX-IV- 4 module Instrument with desktop [GXIV-4D],17500.0,2.0
678,Uzbekistan,2014,Cepheid Xpert MTB/RIF,9.98,48000.0
679,Uzbekistan,2015,Cepheid Xpert MTB/RIF,9.98,16300.0
680,Uzbekistan,2016,Cepheid GeneXpert GX-II-2 module instrument with desktop [GXII-2-D],11780.0,2.0
681,Uzbekistan,2016,Cepheid GeneXpert IV system with laptop computer (two sites) [GXIV-2-L],17500.0,4.0
682,Uzbekistan,2016,Cepheid Xpert MTB/RIF,9.98,76300.0
683,Uzbekistan,2018,Cepheid GeneXpert IV system with laptop computer (two sites) [GXIV-2-L],17500.0,10.0
684,Uzbekistan,2018,Cepheid Xpert MTB/RIF Ultra,9.98,14400.0
685,Uzbekistan,2020,Cepheid Xpert MTB/RIF,9.98,1000.0
686,Uzbekistan,2020,Cepheid Xpert MTB/RIF Ultra,9.98,53500.0
687,Uzbekistan,2022,Cepheid Xpert MTB/RIF Ultra,9.98,131850.0
688,Uzbekistan,2022,Cepheid Xpert MTB/XDR,19.8,8990.0
689,Viet Nam,2019,Cepheid Xpert MTB/RIF,9.98,163600.0
690,Viet Nam,2019,Cepheid Xpert MTB/RIF Ultra,9.98,128050.0
691,Viet Nam,2020,Cepheid Xpert MTB/RIF,9.98,250550.0
692,Viet Nam,2020,Cepheid Xpert MTB/RIF Ultra,9.98,45000.0
693,Viet Nam,2021,Cepheid GeneXpert Model GX-IV- 4 module Instrument with desktop [GXIV-4D],17000.0,2.0
694,Viet Nam,2021,Cepheid Xpert MTB/RIF,9.98,104950.0
695,Viet Nam,2021,Cepheid Xpert MTB/RIF Ultra,9.98,285000.0
696,Viet Nam,2021,Cepheid Xpert MTB/XDR,19.8,3000.0
697,Viet Nam,2022,Cepheid Xpert MTB/RIF Ultra,9.98,647150.0
698,Viet Nam,2022,Cepheid Xpert MTB/XDR,19.8,3000.0
699,Viet Nam,2023,Cepheid GeneXpert GX-II-2 module instrument with desktop [GXII-2-D],12530.0,60.0
700,Viet Nam,2023,Cepheid GeneXpert Model GX-IV- 4 module Instrument with desktop [GXIV-4D],19000.0,10.0
701,Viet Nam,2023,Cepheid Xpert MTB/RIF Ultra,9.98,270000.0
702,Zambia,2018,Cepheid GeneXpert Model GX-IV- 4 module Instrument with laptop [GXIV-4-L],17500.0,50.0
703,Zambia,2018,Cepheid Xpert MTB/RIF,9.98,50000.0
704,Zambia,2019,Cepheid Xpert MTB/RIF,9.98,150000.0
705,Zimbabwe,2015,Cepheid GeneXpert Model GX-IV- 4 module Instrument with desktop [GXIV-4D],17000.0,12.0
706,Zimbabwe,2015,Cepheid Xpert MTB/RIF,9.98,21750.0
707,Zimbabwe,2016,Cepheid Xpert MTB/RIF,9.98,20950.0
708,Zimbabwe,2017,Cepheid Xpert MTB/RIF,9.98,270050.0
709,Zimbabwe,2018,Cepheid Xpert MTB/RIF Ultra,9.98,42400.0
710,Zimbabwe,2019,Cepheid Xpert MTB/RIF,9.98,700.0
711,Zimbabwe,2019,Cepheid Xpert MTB/RIF Ultra,9.98,50000.0
712,Zimbabwe,2020,Cepheid GeneXpert Model GX-IV- 4 module Instrument with laptop [GXIV-4-L],17500.0,5.0
713,Zimbabwe,2020,Cepheid Xpert MTB/RIF Ultra,9.98,229800.0
714,Zimbabwe,2021,Cepheid Xpert MTB/RIF Ultra,9.98,89400.0
715,Zimbabwe,2022,Cepheid Xpert MTB/RIF Ultra,9.98,109650.0
716,Zimbabwe,2023,Cepheid Xpert MTB/RIF Ultra,9.98,136850.0
717,Zimbabwe,2024,Cepheid Xpert MTB/RIF Ultra,7.97,55000.0
