,Country/Teritorry,Purchase Order Date,Description,N Units Total
0,Afghanistan,2015,Cepheid GeneXpert Model GX-IV- 4 module Instrument with laptop [GXIV-4-L],4.0
1,Afghanistan,2015,Cepheid Xpert MTB/RIF Ultra,5950.0
2,Afghanistan,2017,Cepheid GeneXpert Model GX-IV- 4 module Instrument with laptop [GXIV-4-L],11.0
3,Afghanistan,2017,Cepheid Xpert MTB/RIF Ultra,5500.0
4,Afghanistan,2018,Cepheid Xpert MTB/RIF Ultra,10000.0
5,Afghanistan,2020,Cepheid Xpert MTB/RIF Ultra,40000.0
6,Afghanistan,2020,Cepheid Xpert MTB/RIF Ultra,20000.0
7,Afghanistan,2021,Cepheid Xpert MTB/RIF Ultra,71800.0
8,Albania,2019,Cepheid GeneXpert Model GX-IV- 4 module Instrument with laptop [GXIV-4-L],1.0
9,Albania,2019,Cepheid Xpert MTB/RIF Ultra,2000.0
10,Albania,2019,Cepheid Xpert MTB/RIF Ultra,1.0
11,Angola,2017,Cepheid GeneXpert Model GX-IV- 4 module Instrument with desktop [GXIV-4D],4.0
12,Angola,2017,Cepheid Xpert MTB/RIF Ultra,400.0
13,Angola,2018,Cepheid GeneXpert IV system with desktop computer (two sites) [GXIV-2-D],25.0
14,Angola,2018,Cepheid Xpert MTB/RIF Ultra,15000.0
15,Angola,2020,Cepheid Xpert MTB/RIF Ultra,30000.0
16,Angola,2021,Cepheid GeneXpert Model GX-IV- 4 module Instrument with desktop [GXIV-4D],9.0
17,Angola,2021,Cepheid Xpert MTB/RIF Ultra,42150.0
18,Angola,2022,Cepheid Xpert MTB/RIF Ultra,11000.0
19,Angola,2023,Cepheid Xpert MTB/RIF Ultra,30900.0
20,Armenia,2012,Cepheid GeneXpert Model GX-IV- 4 module Instrument with desktop [GXIV-4D],3.0
21,Armenia,2012,Cepheid Xpert MTB/RIF Ultra,3240.0
22,Armenia,2014,Cepheid GeneXpert Model GX-IV- 4 module Instrument with laptop [GXIV-4-L],2.0
23,Armenia,2014,Cepheid Xpert MTB/RIF Ultra,5000.0
24,Armenia,2016,Cepheid GeneXpert  GX-II-2 module instrument with laptop [GXII-2-L],12.0
25,Armenia,2016,Cepheid GeneXpert Model GX-IV- 4 module Instrument with laptop [GXIV-4-L],1.0
26,Armenia,2017,Cepheid GeneXpert Model GX-XVI-16 module instrument with desktop[GXXVI-16-D],4.0
27,Armenia,2019,Cepheid Xpert MTB/RIF Ultra,300.0
28,Armenia,2022,Cepheid Xpert MTB/RIF Ultra,6000.0
29,Armenia,2022,Cepheid Xpert MTB/XDR,600.0
30,Armenia,2023,Cepheid Xpert MTB/RIF Ultra,5000.0
31,Armenia,2023,Cepheid Xpert MTB/XDR,240.0
32,Azerbaijan,2015,Cepheid Xpert MTB/RIF Ultra,11000.0
33,Azerbaijan,2021,Cepheid Xpert MTB/RIF Ultra,16500.0
34,Azerbaijan,2022,Cepheid Xpert MTB/RIF Ultra,530.0
35,Azerbaijan,2022,Cepheid Xpert MTB/XDR,60.0
36,Azerbaijan,2023,Cepheid GeneXpert Model GX-IV R2 4-module (10-color) Instrument with laptop [GXIV-4-L-10C],5.0
37,Azerbaijan,2023,Cepheid Xpert MTB/RIF Ultra,19500.0
38,Azerbaijan,2023,Cepheid Xpert MTB/XDR,4050.0
39,Bangladesh,2018,Cepheid Xpert MTB/RIF Ultra,218000.0
40,Bangladesh,2019,Cepheid Xpert MTB/RIF Ultra,402000.0
41,Bangladesh,2020,Cepheid GeneXpert Model GX-IV- 4 module Instrument with laptop [GXIV-4-L],100.0
42,Bangladesh,2020,Cepheid Xpert MTB/RIF Ultra,222700.0
43,Bangladesh,2022,Cepheid Xpert MTB/RIF Ultra,463000.0
44,Bangladesh,2022,Cepheid Xpert MTB/XDR,24000.0
45,Bangladesh,2023,Cepheid Xpert MTB/RIF Ultra,310000.0
46,Bangladesh,2024,Cepheid Xpert MTB/XDR,10000.0
47,Belarus,2013,Cepheid GeneXpert  GX-II-2 module instrument with laptop [GXII-2-L],1.0
48,Belarus,2013,Cepheid Xpert MTB/RIF Ultra,2550.0
49,Belarus,2014,Cepheid GeneXpert Model GX-IV- 4 module Instrument with laptop [GXIV-4-L],2.0
50,Belarus,2014,Cepheid Xpert MTB/RIF Ultra,12230.0
51,Belarus,2015,Cepheid Xpert MTB/RIF Ultra,6000.0
52,Belarus,2016,Cepheid GeneXpert IV system with laptop computer (two sites) [GXIV-2-L],14.0
53,Belarus,2016,Cepheid Xpert MTB/RIF Ultra,34000.0
54,Belarus,2017,Cepheid Xpert MTB/RIF Ultra,40900.0
55,Belarus,2018,Cepheid Xpert MTB/RIF Ultra,42100.0
56,Belarus,2019,Cepheid Xpert MTB/RIF Ultra,4500.0
57,Belarus,2020,Cepheid Xpert MTB/RIF Ultra,39050.0
58,Belarus,2021,Cepheid GeneXpert IV system with laptop computer (two sites) [GXIV-2-L],20.0
59,Belarus,2021,Cepheid GeneXpert Model GX-IV- 4 module Instrument with laptop [GXIV-4-L],1.0
60,Belarus,2021,Cepheid Xpert MTB/RIF Ultra,17250.0
61,Belarus,2022,Cepheid Xpert MTB/RIF Ultra,30200.0
62,Belarus,2022,Cepheid Xpert MTB/XDR,1600.0
63,Belarus,2023,Cepheid Xpert MTB/RIF Ultra,35700.0
64,Belize,2016,Cepheid GeneXpert Model GX-IV- 4 module Instrument with desktop [GXIV-4D],1.0
65,Belize,2016,Cepheid Xpert MTB/RIF Ultra,655.0
66,Belize,2017,Cepheid Xpert MTB/RIF Ultra,860.0
67,Belize,2018,Cepheid Xpert MTB/RIF Ultra,860.0
68,Belize,2019,Cepheid Xpert MTB/RIF Ultra,850.0
69,Belize,2020,Cepheid Xpert MTB/RIF Ultra,1000.0
70,Benin,2013,Cepheid GeneXpert Model GX-IV- 4 module Instrument with laptop [GXIV-4-L],2.0
71,Benin,2013,Cepheid Xpert MTB/RIF Ultra,2000.0
72,Benin,2015,Cepheid GeneXpert Model GX-IV- 4 module Instrument with desktop [GXIV-4D],3.0
73,Benin,2015,Cepheid Xpert MTB/RIF Ultra,2000.0
74,Benin,2016,Cepheid GeneXpert Model GX-IV- 4 module Instrument with desktop [GXIV-4D],2.0
75,Benin,2017,Cepheid GeneXpert Model GX-IV- 4 module Instrument with desktop [GXIV-4D],4.0
76,Benin,2017,Cepheid GeneXpert Model GX-XVI-16 module instrument with desktop[GXXVI-16-D],1.0
77,Benin,2017,Cepheid Xpert MTB/RIF Ultra,12655.0
78,Benin,2020,Cepheid Xpert MTB/RIF Ultra,12100.0
79,Benin,2022,Cepheid Xpert MTB/RIF Ultra,30350.0
80,Benin,2022,Cepheid Xpert MTB/XDR,100.0
81,Bhutan,2018,Cepheid GeneXpert Model GX-IV- 4 module Instrument with desktop [GXIV-4D],1.0
82,Bhutan,2018,Cepheid Xpert MTB/RIF Ultra,1750.0
83,Bhutan,2019,Cepheid GeneXpert Model GX-IV- 4 module Instrument with desktop [GXIV-4D],2.0
84,Bhutan,2019,Cepheid Xpert MTB/RIF Ultra,2550.0
85,Bhutan,2020,Cepheid Xpert MTB/RIF Ultra,6850.0
86,Bhutan,2021,Cepheid GeneXpert Model GX-XVI-16 module instrument with desktop[GXXVI-16-D],1.0
87,Bhutan,2021,Cepheid Xpert MTB/RIF Ultra,13200.0
88,Bhutan,2021,Cepheid Xpert MTB/XDR,200.0
89,Bhutan,2022,Cepheid Xpert MTB/RIF Ultra,9900.0
90,Bhutan,2022,Cepheid Xpert MTB/XDR,100.0
91,Bhutan,2023,Cepheid Xpert MTB/RIF Ultra,3020.0
92,Bhutan,2023,Cepheid Xpert MTB/XDR,200.0
93,Bhutan,2024,Cepheid Xpert MTB/RIF Ultra,196.0
94,Bhutan,2024,Cepheid Xpert MTB/XDR,20.0
95,Bulgaria,2015,Cepheid GeneXpert Model GX-IV- 4 module Instrument with laptop [GXIV-4-L],4.0
96,Bulgaria,2015,Cepheid Xpert MTB/RIF Ultra,3000.0
97,Bulgaria,2018,Cepheid Xpert MTB/RIF Ultra,3000.0
98,Burkina Faso,2015,Cepheid GeneXpert Model GX-IV- 4 module Instrument with desktop [GXIV-4D],12.0
99,Burkina Faso,2015,Cepheid Xpert MTB/RIF Ultra,2300.0
100,Burkina Faso,2017,Cepheid Xpert MTB/RIF Ultra,6150.0
101,Burkina Faso,2019,Cepheid Xpert MTB/RIF Ultra,310000.0
102,Burkina Faso,2020,Cepheid Xpert MTB/RIF Ultra,23550.0
103,Burkina Faso,2021,Cepheid GeneXpert Model GX-IV- 4 module Instrument with desktop [GXIV-4D],18.0
104,Burkina Faso,2021,Cepheid Xpert MTB/RIF Ultra,39800.0
105,Burkina Faso,2021,Cepheid Xpert MTB/XDR,260.0
106,Burkina Faso,2022,Cepheid Xpert MTB/RIF Ultra,24550.0
107,Burkina Faso,2022,Cepheid Xpert MTB/XDR,110.0
108,Burkina Faso,2023,Cepheid Xpert MTB/RIF Ultra,33350.0
109,Burkina Faso,2023,Cepheid Xpert MTB/XDR,80.0
110,Burkina Faso,2024,Cepheid Xpert MTB/RIF Ultra,15000.0
111,Burundi,2017,Cepheid GeneXpert Model GX-IV- 4 module Instrument with desktop [GXIV-4D],17.0
112,Burundi,2017,Cepheid Xpert MTB/RIF Ultra,12200.0
113,Burundi,2018,Cepheid Xpert MTB/RIF Ultra,31200.0
114,Burundi,2019,Cepheid Xpert MTB/RIF Ultra,9300.0
115,Burundi,2021,Cepheid GeneXpert Model GX-IV R2 2-module (10-color) Instrument with laptop [GXIV-2-L-10C],21.0
116,Burundi,2021,Cepheid GeneXpert Model GX-XVI-16 module instrument with desktop[GXXVI-16-D],1.0
117,Burundi,2022,Cepheid Xpert MTB/RIF Ultra,35300.0
118,Cambodia,2015,Cepheid GeneXpert Model GX-IV- 4 module Instrument with laptop [GXIV-4-L],20.0
119,Cambodia,2016,Cepheid GeneXpert Model GX-IV- 4 module Instrument with laptop [GXIV-4-L],20.0
120,Cambodia,2016,Cepheid Xpert MTB/RIF Ultra,20650.0
121,Cambodia,2017,Cepheid Xpert MTB/RIF Ultra,92200.0
122,Cambodia,2018,Cepheid GeneXpert Model GX-IV- 4 module Instrument with laptop [GXIV-4-L],46400.0
123,Cambodia,2019,Cepheid GeneXpert Model GX-IV- 4 module Instrument with laptop [GXIV-4-L],29350.0
124,Cambodia,2019,Cepheid Xpert MTB/RIF Ultra,63450.0
125,Cambodia,2019,Cepheid Xpert MTB/RIF Ultra,29300.0
126,Cambodia,2020,Cepheid Xpert MTB/RIF Ultra,20700.0
127,Cambodia,2021,Cepheid Xpert MTB/RIF Ultra,42100.0
128,Cambodia,2022,Cepheid GeneXpert Model GX-IV- 4 module Instrument with laptop [GXIV-4-L],11.0
129,Cambodia,2022,Cepheid Xpert MTB/RIF Ultra,255300.0
130,Cambodia,2022,Cepheid Xpert MTB/XDR,2000.0
131,Cambodia,2023,Cepheid Xpert MTB/RIF Ultra,150000.0
132,Cameroon,2018,Cepheid Xpert MTB/RIF Ultra,15600.0
133,Central African Republic,2017,Cepheid GeneXpert Model GX-IV- 4 module Instrument with desktop [GXIV-4D],2.0
134,Central African Republic,2017,Cepheid Xpert MTB/RIF Ultra,500.0
135,Central African Republic,2020,Cepheid Xpert MTB/RIF Ultra,3300.0
136,Central African Republic,2022,Cepheid GeneXpert Model GX-IV R2 2-module (10-color) Instrument with laptop [GXIV-2-L-10C],6.0
137,Central African Republic,2022,Cepheid GeneXpert Model GX-XVI-16 module instrument with desktop[GXXVI-16-D],1.0
138,Central African Republic,2023,Cepheid GeneXpert Model GX-IV- 4 module Instrument with desktop [GXIV-4D],6.0
139,Central African Republic,2023,Cepheid GeneXpert Model GX-XVI-16 module instrument with desktop[GXXVI-16-D],1.0
140,Chad,2016,Cepheid Xpert MTB/RIF Ultra,450.0
141,Comoros,2019,Cepheid GeneXpert Model GX-IV- 4 module Instrument with desktop [GXIV-4D],2.0
142,Comoros,2019,Cepheid Xpert MTB/RIF Ultra,2000.0
143,Congo,2019,Cepheid GeneXpert Model GX-IV- 4 module Instrument with desktop [GXIV-4D],1.0
144,Congo,2019,Cepheid Xpert MTB/RIF Ultra,3450.0
145,Congo,2020,Cepheid Xpert MTB/RIF Ultra,10300.0
146,Congo,2022,Cepheid Xpert MTB/RIF Ultra,14250.0
147,Congo,2023,Cepheid Xpert MTB/RIF Ultra,24900.0
148,Congo,2023,Cepheid Xpert MTB/XDR,360.0
149,Congo (Democratic Republic),2015,Cepheid Xpert MTB/RIF Ultra,30000.0
150,Congo (Democratic Republic),2017,Cepheid Xpert MTB/RIF Ultra,16750.0
151,Congo (Democratic Republic),2019,Cepheid Xpert MTB/RIF Ultra,18250.0
152,Cuba,2021,Cepheid GeneXpert Model GX-IV R2 2-module (10-color) Instrument with laptop [GXIV-2-L-10C],6.0
153,Cuba,2021,Cepheid Xpert MTB/RIF Ultra,8300.0
154,Cuba,2023,Cepheid GeneXpert IV system with desktop computer (two sites) [GXIV-2-D],8.0
155,Cuba,2023,Cepheid Xpert MTB/RIF Ultra,39950.0
156,Cuba,2023,Cepheid Xpert MTB/XDR,2400.0
157,CÃ´te d'Ivoire,2022,Cepheid Xpert MTB/RIF Ultra,35900.0
158,Djibouti,2017,Cepheid GeneXpert Model GX-IV- 4 module Instrument with laptop [GXIV-4-L],2.0
159,Djibouti,2022,Cepheid Xpert MTB/RIF Ultra,4000.0
160,Djibouti,2022,Cepheid Xpert MTB/XDR,150.0
161,Djibouti,2023,Cepheid Xpert MTB/RIF Ultra,12600.0
162,Djibouti,2023,Cepheid Xpert MTB/XDR,150.0
163,Dominican Republic,2022,Cepheid Xpert MTB/RIF Ultra,500.0
164,Egypt,2015,Cepheid GeneXpert Model GX-IV- 4 module Instrument with laptop [GXIV-4-L],9.0
165,Egypt,2015,Cepheid Xpert MTB/RIF Ultra,4150.0
166,Egypt,2016,Cepheid GeneXpert Model GX-IV- 4 module Instrument with laptop [GXIV-4-L],10.0
167,Egypt,2016,Cepheid Xpert MTB/RIF Ultra,7500.0
168,Eritrea,2014,Cepheid GeneXpert Model GX-IV- 4 module Instrument with desktop [GXIV-4D],4.0
169,Eritrea,2015,Cepheid GeneXpert Model GX-IV- 4 module Instrument with desktop [GXIV-4D],4.0
170,Eritrea,2015,Cepheid Xpert MTB/RIF Ultra,1500.0
171,Eritrea,2016,Cepheid GeneXpert Model GX-IV- 4 module Instrument with desktop [GXIV-4D],3.0
172,Eritrea,2016,Cepheid Xpert MTB/RIF Ultra,1500.0
173,Eritrea,2017,Cepheid Xpert MTB/RIF Ultra,9000.0
174,Eritrea,2018,Cepheid GeneXpert IV system with laptop computer (two sites) [GXIV-2-L],2.0
175,Eritrea,2018,Cepheid Xpert MTB/RIF Ultra,750.0
176,Eritrea,2019,Cepheid GeneXpert Model GX-IV- 4 module Instrument with laptop [GXIV-4-L],1.0
177,Eritrea,2019,Cepheid Xpert MTB/RIF Ultra,10000.0
178,Eritrea,2019,Cepheid Xpert MTB/RIF Ultra,27500.0
179,Eritrea,2021,Cepheid Xpert MTB/RIF Ultra,10000.0
180,Eritrea,2021,Cepheid Xpert MTB/RIF Ultra,10000.0
181,Eritrea,2022,Cepheid Xpert MTB/RIF Ultra,7500.0
182,Eritrea,2022,Cepheid Xpert MTB/RIF Ultra,7500.0
183,Eritrea,2023,Cepheid Xpert MTB/RIF Ultra,25000.0
184,Eritrea,2023,Cepheid Xpert MTB/XDR,2000.0
185,Eswatini,2013,Cepheid GeneXpert Model GX-IV- 4 module Instrument with desktop [GXIV-4D],9.0
186,Eswatini,2014,Cepheid Xpert MTB/RIF Ultra,11150.0
187,Eswatini,2015,Cepheid Xpert MTB/RIF Ultra,114400.0
188,Eswatini,2016,Cepheid GeneXpert Model GX-IV- 4 module Instrument with desktop [GXIV-4D],2.0
189,Eswatini,2016,Cepheid Xpert MTB/RIF Ultra,2050.0
190,Eswatini,2017,Cepheid GeneXpert Model GX-IV- 4 module Instrument with desktop [GXIV-4D],20.0
191,Eswatini,2017,Cepheid GeneXpert Model GX-XVI-16 module instrument with desktop[GXXVI-16-D],6.0
192,Eswatini,2017,Cepheid Xpert MTB/RIF Ultra,17600.0
193,Eswatini,2020,Cepheid Xpert MTB/RIF Ultra,10000.0
194,Eswatini,2020,Cepheid Xpert MTB/RIF Ultra,12500.0
195,Eswatini,2021,Cepheid GeneXpert Model GX-XVI-16 module instrument with desktop[GXXVI-16-D],1.0
196,Eswatini,2021,Cepheid Xpert MTB/RIF Ultra,10550.0
197,Ethiopia,2018,Cepheid Xpert MTB/RIF Ultra,100900.0
198,Ethiopia,2018,Cepheid Xpert MTB/RIF Ultra,100950.0
199,Ethiopia,2019,Cepheid Xpert MTB/RIF Ultra,269950.0
200,Ethiopia,2019,Cepheid Xpert MTB/RIF Ultra,91000.0
201,Ethiopia,2020,Cepheid Xpert MTB/RIF Ultra,257050.0
202,Ethiopia,2021,Cepheid Xpert MTB/RIF Ultra,285000.0
203,Ethiopia,2023,Cepheid Xpert MTB/RIF Ultra,353900.0
204,Ethiopia,2023,Cepheid Xpert MTB/XDR,7200.0
205,Fiji,2014,Cepheid Xpert MTB/RIF Ultra,300.0
206,Fiji,2015,Cepheid Xpert MTB/RIF Ultra,700.0
207,Fiji,2016,Cepheid Xpert MTB/RIF Ultra,1300.0
208,Fiji,2017,Cepheid Xpert MTB/RIF Ultra,5900.0
209,Gabon,2016,Cepheid GeneXpert Model GX-IV- 4 module Instrument with desktop [GXIV-4D],3.0
210,Gabon,2016,Cepheid Xpert MTB/RIF Ultra,1750.0
211,Gabon,2018,Cepheid GeneXpert Model GX-IV- 4 module Instrument with desktop [GXIV-4D],2.0
212,Gabon,2018,Cepheid Xpert MTB/RIF Ultra,8300.0
213,Gabon,2019,Cepheid Xpert MTB/RIF Ultra,8100.0
214,Gabon,2020,Cepheid Xpert MTB/RIF Ultra,4600.0
215,Gabon,2020,Cepheid Xpert MTB/RIF Ultra,2550.0
216,Gabon,2021,Cepheid Xpert MTB/RIF Ultra,500.0
217,Gabon,2021,Cepheid Xpert MTB/RIF Ultra,4350.0
218,Gabon,2022,Cepheid Xpert MTB/RIF Ultra,500.0
219,Gabon,2022,Cepheid Xpert MTB/RIF Ultra,22750.0
220,Gabon,2022,Cepheid Xpert MTB/RIF Ultra,7300.0
221,Gabon,2022,Cepheid Xpert MTB/XDR,60.0
222,Gambia,2013,Cepheid GeneXpert Model GX-IV- 4 module Instrument with desktop [GXIV-4D],1.0
223,Gambia,2013,Cepheid Xpert MTB/RIF Ultra,500.0
224,Gambia,2017,Cepheid GeneXpert Model GX-IV- 4 module Instrument with desktop [GXIV-4D],3.0
225,Gambia,2017,Cepheid Xpert MTB/RIF Ultra,1000.0
226,Gambia,2019,Cepheid Xpert MTB/RIF Ultra,3000.0
227,Gambia,2021,Cepheid Xpert MTB/RIF Ultra,1500.0
228,Gambia,2021,Cepheid Xpert MTB/RIF Ultra,1050.0
229,Gambia,2022,Cepheid Xpert MTB/RIF Ultra,11250.0
230,Gambia,2022,Cepheid Xpert MTB/RIF Ultra,5100.0
231,Gambia,2022,Cepheid Xpert MTB/XDR,20.0
232,Gambia,2023,Cepheid Xpert MTB/RIF Ultra,12000.0
233,Gambia,2023,Cepheid Xpert MTB/XDR,750.0
234,Gambia,2024,Cepheid Xpert MTB/RIF Ultra,15550.0
235,Gambia,2024,Cepheid Xpert MTB/XDR,50.0
236,Georgia,2014,Cepheid GeneXpert Model GX-IV- 4 module Instrument with desktop [GXIV-4D],9.0
237,Georgia,2015,Cepheid Xpert MTB/RIF Ultra,32100.0
238,Georgia,2016,Cepheid GeneXpert IV system with desktop computer (two sites) [GXIV-2-D],12.0
239,Georgia,2016,Cepheid GeneXpert Model GX-IV- 4 module Instrument with desktop [GXIV-4D],7.0
240,Georgia,2016,Cepheid Xpert MTB/RIF Ultra,10550.0
241,Georgia,2017,Cepheid Xpert MTB/RIF Ultra,18700.0
242,Georgia,2018,Cepheid Xpert MTB/RIF Ultra,17000.0
243,Georgia,2019,Cepheid GeneXpert Model GX-XVI-16 module instrument with desktop[GXXVI-16-D],2.0
244,Georgia,2019,Cepheid GeneXpert Model GX-XVI-16 module instrument with laptop [GXXVI-16-L],2.0
245,Georgia,2019,Cepheid Xpert MTB/RIF Ultra,33000.0
246,Georgia,2020,Cepheid Xpert MTB/RIF Ultra,24000.0
247,Georgia,2021,Cepheid GeneXpert Model GX-XVI-16 module instrument with desktop[GXXVI-16-D],1.0
248,Georgia,2021,Cepheid Xpert MTB/XDR,200.0
249,Georgia,2023,Cepheid Xpert MTB/RIF Ultra,20000.0
250,Georgia,2023,Cepheid Xpert MTB/XDR,800.0
251,Guatemala,2018,Cepheid Xpert MTB/RIF Ultra,2000.0
252,Guatemala,2018,Cepheid Xpert MTB/RIF Ultra,5000.0
253,Guatemala,2019,Cepheid GeneXpert Model GX-IV- 4 module Instrument with desktop [GXIV-4D],1.0
254,Guatemala,2019,Cepheid Xpert MTB/RIF Ultra,2500.0
255,Guatemala,2019,Cepheid Xpert MTB/RIF Ultra,6800.0
256,Guatemala,2020,Cepheid GeneXpert GX-I-Single module instrument with laptop [GXI-1-L],4.0
257,Guatemala,2020,Cepheid Xpert MTB/RIF Ultra,4350.0
258,Guatemala,2020,Cepheid Xpert MTB/RIF Ultra,5000.0
259,Guatemala,2021,Cepheid Xpert MTB/RIF Ultra,4650.0
260,Guatemala,2021,Cepheid Xpert MTB/RIF Ultra,5000.0
261,Guatemala,2022,Cepheid GeneXpert GX-I-Single module instrument with laptop [GXI-1-L],4.0
262,Guatemala,2022,Cepheid GeneXpert Model GX-IV- 4 module Instrument with desktop [GXIV-4D],1.0
263,Guatemala,2022,Cepheid Xpert MTB/RIF Ultra,5100.0
264,Guatemala,2023,Cepheid Xpert MTB/RIF Ultra,5150.0
265,Guatemala,2023,Cepheid Xpert MTB/XDR,150.0
266,Guinea,2015,Cepheid GeneXpert Model GX-IV- 4 module Instrument with desktop [GXIV-4D],1.0
267,Guinea,2015,Cepheid Xpert MTB/RIF Ultra,2200.0
268,Guinea,2018,Cepheid Xpert MTB/RIF Ultra,4350.0
269,Guinea,2018,Cepheid Xpert MTB/RIF Ultra,11050.0
270,Guinea,2019,Cepheid Xpert MTB/RIF Ultra,6250.0
271,Guinea,2019,Cepheid Xpert MTB/RIF Ultra,5000.0
272,Guinea,2021,Cepheid Xpert MTB/RIF Ultra,8150.0
273,Guinea,2021,Cepheid Xpert MTB/RIF Ultra,8000.0
274,Guinea-Bissau,2014,Cepheid Xpert MTB/RIF Ultra,560.0
275,Guinea-Bissau,2015,Cepheid Xpert MTB/RIF Ultra,400.0
276,Guinea-Bissau,2018,Cepheid GeneXpert Model GX-IV- 4 module Instrument with laptop [GXIV-4-L],3.0
277,Guinea-Bissau,2018,Cepheid Xpert MTB/RIF Ultra,1500.0
278,Guinea-Bissau,2018,Cepheid Xpert MTB/RIF Ultra,2150.0
279,Guinea-Bissau,2019,Cepheid Xpert MTB/RIF Ultra,1000.0
280,Guinea-Bissau,2020,Cepheid GeneXpert Model GX-IV- 4 module Instrument with laptop [GXIV-4-L],4.0
281,Guinea-Bissau,2020,Cepheid Xpert MTB/RIF Ultra,20400.0
282,Guinea-Bissau,2022,Cepheid Xpert MTB/RIF Ultra,14400.0
283,Guinea-Bissau,2022,Cepheid Xpert MTB/XDR,80.0
284,Guinea-Bissau,2023,Cepheid Xpert MTB/RIF Ultra,16900.0
285,Guinea-Bissau,2024,Cepheid Xpert MTB/RIF Ultra,37250.0
286,Haiti,2015,Cepheid Xpert MTB/RIF Ultra,19150.0
287,Haiti,2016,Cepheid Xpert MTB/RIF Ultra,18750.0
288,Haiti,2017,Cepheid Xpert MTB/RIF Ultra,2270.0
289,Haiti,2018,Cepheid Xpert MTB/RIF Ultra,13225.0
290,Haiti,2019,Cepheid Xpert MTB/RIF Ultra,5250.0
291,Haiti,2020,Cepheid GeneXpert Model GX-IV- 4 module Instrument with desktop [GXIV-4D],10.0
292,Haiti,2020,Cepheid Xpert MTB/RIF Ultra,9650.0
293,Haiti,2020,Cepheid Xpert MTB/RIF Ultra,54550.0
294,India,2018,Cepheid Xpert MTB/RIF Ultra,660150.0
295,India,2019,Cepheid Xpert MTB/RIF Ultra,1026600.0
296,India,2020,Cepheid Xpert MTB/RIF Ultra,1560000.0
297,Indonesia,2012,Cepheid Xpert MTB/RIF Ultra,15000.0
298,Indonesia,2013,Cepheid GeneXpert Model GX-IV- 4 module Instrument with desktop [GXIV-4D],24.0
299,Indonesia,2014,Cepheid Xpert MTB/RIF Ultra,28000.0
300,Indonesia,2015,Cepheid GeneXpert IV system with desktop computer (two sites) [GXIV-2-D],42.0
301,Indonesia,2015,Cepheid Xpert MTB/RIF Ultra,30000.0
302,Indonesia,2016,Cepheid GeneXpert IV system with desktop computer (two sites) [GXIV-2-D],40.0
303,Indonesia,2016,Cepheid GeneXpert Model GX-IV- 4 module Instrument with desktop [GXIV-4D],290.0
304,Indonesia,2016,Cepheid GeneXpert Model GX-XVI-16 module instrument with desktop[GXXVI-16-D],4.0
305,Indonesia,2016,Cepheid Xpert MTB/RIF Ultra,184350.0
306,Indonesia,2017,Cepheid GeneXpert Model GX-IV- 4 module Instrument with desktop [GXIV-4D],125.0
307,Iran (Islamic Republic),2013,Cepheid GeneXpert Model GX-IV- 4 module Instrument with desktop [GXIV-4D],4.0
308,Iran (Islamic Republic),2013,Cepheid Xpert MTB/RIF Ultra,7200.0
309,Iran (Islamic Republic),2019,Cepheid Xpert MTB/RIF Ultra,1000.0
310,Iran (Islamic Republic),2021,Cepheid GeneXpert Model GX-IV R2 2-module (10-color) Instrument with laptop [GXIV-2-L-10C],1.0
311,Iran (Islamic Republic),2021,Cepheid GeneXpert Model GX-IV- 4 module Instrument with laptop [GXIV-4-L],5.0
312,Iran (Islamic Republic),2021,Cepheid Xpert MTB/RIF Ultra,3500.0
313,Iran (Islamic Republic),2022,Cepheid Xpert MTB/RIF Ultra,2000.0
314,Iraq,2013,Cepheid GeneXpert Model GX-IV- 4 module Instrument with desktop [GXIV-4D],14.0
315,Iraq,2013,Cepheid Xpert MTB/RIF Ultra,20000.0
316,Iraq,2014,Cepheid Xpert MTB/RIF Ultra,10000.0
317,Iraq,2015,Cepheid Xpert MTB/RIF Ultra,14000.0
318,Iraq,2017,Cepheid Xpert MTB/RIF Ultra,7700.0
319,Kazakhstan,2013,Cepheid Xpert MTB/RIF Ultra,8570.0
320,Kazakhstan,2014,Cepheid GeneXpert IV system with desktop computer (two sites) [GXIV-2-D],2.0
321,Kazakhstan,2014,Cepheid GeneXpert Model GX-IV- 4 module Instrument with desktop [GXIV-4D],2.0
322,Kazakhstan,2015,Cepheid Xpert MTB/RIF Ultra,16850.0
323,Kazakhstan,2017,Cepheid GeneXpert GX-II-2 module instrument with desktop [GXII-2-D],28.0
324,Kazakhstan,2017,Cepheid GeneXpert Model GX-IV- 4 module Instrument with desktop [GXIV-4D],5.0
325,Kazakhstan,2017,Cepheid Xpert MTB/RIF Ultra,54200.0
326,Kazakhstan,2019,Cepheid GeneXpert IV system with desktop computer (two sites) [GXIV-2-D],19.0
327,Kazakhstan,2019,Cepheid Xpert MTB/RIF Ultra,10500.0
328,Kazakhstan,2020,Cepheid Xpert MTB/RIF Ultra,6200.0
329,Kazakhstan,2022,Cepheid GeneXpert Model GX-IV- 4 module Instrument with desktop [GXIV-4D],20.0
330,Kazakhstan,2022,Cepheid Xpert MTB/RIF Ultra,34200.0
331,Kazakhstan,2022,Cepheid Xpert MTB/XDR,4000.0
332,Kazakhstan,2023,Cepheid Xpert MTB/XDR,8000.0
333,Kenya,2022,Cepheid Xpert MTB/RIF Ultra,206400.0
334,Kenya,2023,Cepheid Xpert MTB/RIF Ultra,537350.0
335,Kenya,2024,Cepheid Xpert MTB/RIF Ultra,420550.0
336,Korea (Democratic Peoples Republic),2014,Cepheid Xpert MTB/RIF Ultra,300.0
337,Kyrgyzstan,2015,Cepheid GeneXpert Model GX-IV- 4 module Instrument with desktop [GXIV-4D],3.0
338,Kyrgyzstan,2016,Cepheid GeneXpert GX-II-2 module instrument with desktop [GXII-2-D],8.0
339,Kyrgyzstan,2016,Cepheid Xpert MTB/RIF Ultra,16000.0
340,Kyrgyzstan,2018,Cepheid Xpert MTB/RIF Ultra,13865.0
341,Kyrgyzstan,2019,Cepheid Xpert MTB/RIF Ultra,10000.0
342,Kyrgyzstan,2019,Cepheid Xpert MTB/RIF Ultra,10000.0
343,Kyrgyzstan,2021,Cepheid Xpert MTB/RIF Ultra,17800.0
344,Kyrgyzstan,2021,Cepheid Xpert MTB/RIF Ultra,7200.0
345,Kyrgyzstan,2022,Cepheid Xpert MTB/RIF Ultra,50000.0
346,Kyrgyzstan,2022,Cepheid Xpert MTB/RIF Ultra,5000.0
347,Lao (Peoples Democratic Republic),2013,Cepheid GeneXpert Model GX-IV- 4 module Instrument with desktop [GXIV-4D],3.0
348,Lao (Peoples Democratic Republic),2013,Cepheid GeneXpert Model GX-IV- 4 module Instrument with laptop [GXIV-4-L],3.0
349,Lao (Peoples Democratic Republic),2013,Cepheid Xpert MTB/RIF Ultra,7680.0
350,Lao (Peoples Democratic Republic),2014,Cepheid GeneXpert Model GX-IV- 4 module Instrument with desktop [GXIV-4D],7.0
351,Lao (Peoples Democratic Republic),2014,Cepheid Xpert MTB/RIF Ultra,4350.0
352,Lao (Peoples Democratic Republic),2016,Cepheid Xpert MTB/RIF Ultra,25000.0
353,Lesotho,2015,Cepheid Xpert MTB/RIF Ultra,22350.0
354,Lesotho,2016,Cepheid Xpert MTB/RIF Ultra,54350.0
355,Liberia,2013,Cepheid GeneXpert Model GX-IV- 4 module Instrument with desktop [GXIV-4D],2.0
356,Liberia,2013,Cepheid Xpert MTB/RIF Ultra,9000.0
357,Liberia,2017,Cepheid GeneXpert Model GX-IV- 4 module Instrument with laptop [GXIV-4-L],2.0
358,Liberia,2020,Cepheid Xpert MTB/RIF Ultra,3250.0
359,Liberia,2020,Cepheid Xpert MTB/XDR,200.0
360,Liberia,2021,Cepheid GeneXpert Model GX-IV- 4 module Instrument with desktop [GXIV-4D],5.0
361,Liberia,2021,Cepheid Xpert MTB/RIF Ultra,12500.0
362,Liberia,2021,Cepheid Xpert MTB/RIF Ultra,12500.0
363,Liberia,2022,Cepheid Xpert MTB/RIF Ultra,12500.0
364,Malawi,2016,Cepheid GeneXpert IV system with laptop computer (two sites) [GXIV-2-L],11.0
365,Malawi,2016,Cepheid Xpert MTB/RIF Ultra,70000.0
366,Malawi,2017,Cepheid GeneXpert IV system with desktop computer (two sites) [GXIV-2-D],10.0
367,Malawi,2020,Cepheid Xpert MTB/RIF Ultra,48100.0
368,Malawi,2021,Cepheid Xpert MTB/RIF Ultra,41450.0
369,Malawi,2022,Cepheid Xpert MTB/RIF Ultra,11000.0
370,Malawi,2022,Cepheid Xpert MTB/RIF Ultra,33000.0
371,Malawi,2023,Cepheid Xpert MTB/RIF Ultra,99000.0
372,Mali,2016,Cepheid GeneXpert Model GX-IV- 4 module Instrument with laptop [GXIV-4-L],7.0
373,Mali,2016,Cepheid Xpert MTB/RIF Ultra,4600.0
374,Mali,2018,Cepheid GeneXpert Model GX-IV- 4 module Instrument with laptop [GXIV-4-L],10.0
375,Mali,2018,Cepheid Xpert MTB/RIF Ultra,15000.0
376,Mauritania,2017,Cepheid Xpert MTB/RIF Ultra,2800.0
377,Mauritania,2019,Cepheid Xpert MTB/RIF Ultra,1200.0
378,Mauritania,2022,Cepheid Xpert MTB/RIF Ultra,3400.0
379,Moldova,2015,Cepheid GeneXpert IV system with desktop computer (two sites) [GXIV-2-D],27.0
380,Moldova,2015,Cepheid Xpert MTB/RIF Ultra,21700.0
381,Moldova,2016,Cepheid Xpert MTB/RIF Ultra,22050.0
382,Moldova,2017,Cepheid Xpert MTB/RIF Ultra,62000.0
383,Moldova,2018,Cepheid Xpert MTB/RIF Ultra,14800.0
384,Moldova,2019,Cepheid Xpert MTB/RIF Ultra,1100.0
385,Moldova,2019,Cepheid Xpert MTB/RIF Ultra,25300.0
386,Moldova,2020,Cepheid Xpert MTB/RIF Ultra,16000.0
387,Moldova,2022,Cepheid GeneXpert Model GX-IV- 4 module Instrument with laptop [GXIV-4-L],4.0
388,Moldova,2022,Cepheid Xpert MTB/RIF Ultra,4140.0
389,Moldova,2022,Cepheid Xpert MTB/RIF Ultra,37850.0
390,Moldova,2022,Cepheid Xpert MTB/XDR,2000.0
391,Moldova,2023,Cepheid GeneXpert Model GX-XVI-16 module instrument with desktop[GXXVI-16-D],1.0
392,Moldova,2024,Cepheid Xpert MTB/RIF Ultra,1000.0
393,Moldova,2024,Cepheid Xpert MTB/RIF Ultra,15000.0
394,Mongolia,2013,Cepheid GeneXpert Model GX-IV- 4 module Instrument with desktop [GXIV-4D],3.0
395,Mongolia,2013,Cepheid Xpert MTB/RIF Ultra,2000.0
396,Mongolia,2014,Cepheid Xpert MTB/RIF Ultra,2000.0
397,Mongolia,2015,Cepheid Xpert MTB/RIF Ultra,12000.0
398,Mongolia,2016,Cepheid GeneXpert Model GX-IV- 4 module Instrument with laptop [GXIV-4-L],1.0
399,Mongolia,2016,Cepheid Xpert MTB/RIF Ultra,4000.0
400,Mongolia,2017,Cepheid GeneXpert Model GX-IV- 4 module Instrument with desktop [GXIV-4D],2.0
401,Mongolia,2017,Cepheid GeneXpert Model GX-IV- 4 module Instrument with laptop [GXIV-4-L],3.0
402,Mongolia,2017,Cepheid GeneXpert Model GX-XVI-16 module instrument with desktop[GXXVI-16-D],1.0
403,Mongolia,2017,Cepheid Xpert MTB/RIF Ultra,29650.0
404,Mongolia,2018,Cepheid GeneXpert Model GX-IV- 4 module Instrument with laptop [GXIV-4-L],4.0
405,Mongolia,2018,Cepheid Xpert MTB/RIF Ultra,12000.0
406,Mongolia,2018,Cepheid Xpert MTB/RIF Ultra,2600.0
407,Mongolia,2023,Cepheid Xpert MTB/XDR,2000.0
408,Morocco,2022,Cepheid Xpert MTB/RIF Ultra,80000.0
409,Mozambique,2016,Cepheid GeneXpert Model GX-IV- 4 module Instrument with laptop [GXIV-4-L],8.0
410,Mozambique,2016,Cepheid Xpert MTB/RIF Ultra,7850.0
411,Mozambique,2017,Cepheid Xpert MTB/RIF Ultra,68000.0
412,Mozambique,2018,Cepheid Xpert MTB/RIF Ultra,271500.0
413,Mozambique,2019,Cepheid Xpert MTB/RIF Ultra,28900.0
414,Mozambique,2019,Cepheid Xpert MTB/RIF Ultra,66150.0
415,Mozambique,2020,Cepheid Xpert MTB/RIF Ultra,22900.0
416,Mozambique,2020,Cepheid Xpert MTB/RIF Ultra,50000.0
417,Myanmar,2013,Cepheid GeneXpert Model GX-IV- 4 module Instrument with desktop [GXIV-4D],8.0
418,Myanmar,2013,Cepheid Xpert MTB/RIF Ultra,5780.0
419,Myanmar,2014,Cepheid GeneXpert Model GX-IV- 4 module Instrument with desktop [GXIV-4D],8.0
420,Myanmar,2014,Cepheid Xpert MTB/RIF Ultra,39900.0
421,Myanmar,2015,Cepheid GeneXpert Model GX-IV- 4 module Instrument with desktop [GXIV-4D],8.0
422,Myanmar,2015,Cepheid Xpert MTB/RIF Ultra,36500.0
423,Myanmar,2016,Cepheid GeneXpert Model GX-IV- 4 module Instrument with desktop [GXIV-4D],21.0
424,Myanmar,2016,Cepheid Xpert MTB/RIF Ultra,38750.0
425,Myanmar,2017,Cepheid GeneXpert Model GX-IV- 4 module Instrument with laptop [GXIV-4-L],34.0
426,Myanmar,2017,Cepheid Xpert MTB/RIF Ultra,26650.0
427,Myanmar,2018,Cepheid Xpert MTB/RIF Ultra,6000.0
428,Myanmar,2018,Cepheid Xpert MTB/RIF Ultra,85000.0
429,Myanmar,2019,Cepheid Xpert MTB/RIF Ultra,132400.0
430,Myanmar,2019,Cepheid Xpert MTB/RIF Ultra,194350.0
431,Myanmar,2020,Cepheid GeneXpert Model GX-IV- 4 module Instrument with laptop [GXIV-4-L],15.0
432,Myanmar,2020,Cepheid GeneXpert Model GX-XVI-16 module instrument with desktop[GXXVI-16-D],2.0
433,Myanmar,2020,Cepheid Xpert MTB/RIF Ultra,55050.0
434,Myanmar,2021,Cepheid GeneXpert Model GX-IV- 4 module Instrument with desktop [GXIV-4D],1.0
435,Myanmar,2021,Cepheid GeneXpert Model GX-IV- 4 module Instrument with laptop [GXIV-4-L],37.0
436,Myanmar,2021,Cepheid GeneXpert Model GX-XVI-16 module instrument with laptop [GXXVI-16-L],1.0
437,Myanmar,2021,Cepheid Xpert MTB/RIF Ultra,63650.0
438,Myanmar,2021,Cepheid Xpert MTB/RIF Ultra,63700.0
439,Myanmar,2021,Cepheid Xpert MTB/XDR,1000.0
440,Myanmar,2022,Cepheid GeneXpert Model GX-IV- 4 module Instrument with laptop [GXIV-4-L],10.0
441,Myanmar,2022,Cepheid GeneXpert Model GX-XVI-16 module instrument with desktop[GXXVI-16-D],1.0
442,Myanmar,2022,Cepheid Xpert MTB/RIF Ultra,450.0
443,Myanmar,2022,Cepheid Xpert MTB/RIF Ultra,55100.0
444,Myanmar,2022,Cepheid Xpert MTB/XDR,14670.0
445,Myanmar,2023,Cepheid GeneXpert Model GX-IV- 4 module Instrument with laptop [GXIV-4-L],14.0
446,Myanmar,2023,Cepheid GeneXpert Model GX-XVI-16 module instrument with desktop[GXXVI-16-D],4.0
447,Myanmar,2023,Cepheid Xpert MTB/RIF Ultra,192650.0
448,Myanmar,2023,Cepheid Xpert MTB/XDR,5400.0
449,Nepal,2016,Cepheid Xpert MTB/RIF Ultra,20300.0
450,Nepal,2017,Cepheid GeneXpert Model GX-IV- 4 module Instrument with desktop [GXIV-4D],4.0
451,Nepal,2017,Cepheid Xpert MTB/RIF Ultra,10000.0
452,Nepal,2018,Cepheid Xpert MTB/RIF Ultra,50000.0
453,Nepal,2019,Cepheid Xpert MTB/RIF Ultra,40000.0
454,Nepal,2021,Cepheid Xpert MTB/RIF Ultra,129900.0
455,Nicaragua,2019,Cepheid Xpert MTB/RIF Ultra,4300.0
456,Nicaragua,2020,Cepheid Xpert MTB/RIF Ultra,4100.0
457,Nicaragua,2021,Cepheid Xpert MTB/RIF Ultra,2650.0
458,Nicaragua,2022,Cepheid GeneXpert Model GX-IV- 4 module Instrument with desktop [GXIV-4D],50.0
459,Nicaragua,2022,Cepheid GeneXpert Model GX-XVI-16 module instrument with desktop[GXXVI-16-D],50.0
460,Nicaragua,2022,Cepheid Xpert MTB/RIF Ultra,4000.0
461,Nicaragua,2022,Cepheid Xpert MTB/RIF Ultra,11600.0
462,Nicaragua,2023,Cepheid GeneXpert Model GX-IV- 4 module Instrument with desktop [GXIV-4D],3.0
463,Nicaragua,2023,Cepheid GeneXpert Model GX-XVI-16 module instrument with desktop[GXXVI-16-D],1.0
464,Nicaragua,2023,Cepheid Xpert MTB/RIF Ultra,23800.0
465,Niger,2017,Cepheid Xpert MTB/RIF Ultra,800.0
466,Niger,2018,Cepheid GeneXpert GX-II-2 module instrument with desktop [GXII-2-D],6.0
467,Nigeria,2021,Cepheid Xpert MTB/RIF Ultra,1652900.0
468,North Macedonia,2014,Cepheid GeneXpert Model GX-IV- 4 module Instrument with desktop [GXIV-4D],1.0
469,North Macedonia,2014,Cepheid Xpert MTB/RIF Ultra,500.0
470,North Macedonia,2015,Cepheid Xpert MTB/RIF Ultra,2400.0
471,Pakistan,2016,Cepheid GeneXpert Model GX-IV- 4 module Instrument with desktop [GXIV-4D],39.0
472,Pakistan,2017,Cepheid GeneXpert Model GX-XVI-16 module instrument with laptop [GXXVI-16-L],6.0
473,Pakistan,2017,Cepheid Xpert MTB/RIF Ultra,731750.0
474,Pakistan,2018,Cepheid Xpert MTB/RIF Ultra,20000.0
475,Pakistan,2019,Cepheid Xpert MTB/RIF Ultra,150000.0
476,Pakistan,2020,Cepheid Xpert MTB/RIF Ultra,150000.0
477,Palestine,2014,Cepheid GeneXpert Model GX-IV- 4 module Instrument with laptop [GXIV-4-L],1.0
478,Palestine,2014,Cepheid Xpert MTB/RIF Ultra,50.0
479,Panama,2016,Cepheid GeneXpert Model GX-IV- 4 module Instrument with laptop [GXIV-4-L],5.0
480,Panama,2016,Cepheid Xpert MTB/RIF Ultra,2450.0
481,Panama,2017,Cepheid Xpert MTB/RIF Ultra,3000.0
482,Panama,2018,Cepheid GeneXpert Model GX-IV- 4 module Instrument with laptop [GXIV-4-L],1.0
483,Panama,2018,Cepheid Xpert MTB/RIF Ultra,500.0
484,Panama,2020,Cepheid GeneXpert Model GX-IV- 4 module Instrument with laptop [GXIV-4-L],3.0
485,Panama,2020,Cepheid Xpert MTB/RIF Ultra,3900.0
486,Panama,2021,Cepheid GeneXpert Model GX-IV- 4 module Instrument with laptop [GXIV-4-L],4.0
487,Papua New Guinea,2015,Cepheid Xpert MTB/RIF Ultra,350.0
488,Papua New Guinea,2018,Cepheid GeneXpert Model GX-IV- 4 module Instrument with laptop [GXIV-4-L],30.0
489,Papua New Guinea,2018,Cepheid Xpert MTB/RIF Ultra,5000.0
490,Papua New Guinea,2018,Cepheid Xpert MTB/RIF Ultra,10000.0
491,Papua New Guinea,2019,Cepheid Xpert MTB/RIF Ultra,15000.0
492,Papua New Guinea,2020,Cepheid GeneXpert Model GX-IV- 4 module Instrument with laptop [GXIV-4-L],25.0
493,Papua New Guinea,2020,Cepheid Xpert MTB/RIF Ultra,5000.0
494,Papua New Guinea,2021,Cepheid Xpert MTB/RIF Ultra,50000.0
495,Papua New Guinea,2022,Cepheid Xpert MTB/RIF Ultra,67200.0
496,Papua New Guinea,2022,Cepheid Xpert MTB/XDR,2000.0
497,Paraguay,2013,Cepheid GeneXpert Model GX-IV- 4 module Instrument with desktop [GXIV-4D],2.0
498,Paraguay,2013,Cepheid Xpert MTB/RIF Ultra,1920.0
499,Paraguay,2014,Cepheid Xpert MTB/RIF Ultra,1000.0
500,Paraguay,2015,Cepheid Xpert MTB/RIF Ultra,1750.0
501,Paraguay,2016,Cepheid GeneXpert IV system with laptop computer (two sites) [GXIV-2-L],3.0
502,Paraguay,2016,Cepheid GeneXpert Model GX-IV- 4 module Instrument with desktop [GXIV-4D],2.0
503,Paraguay,2016,Cepheid Xpert MTB/RIF Ultra,4350.0
504,Paraguay,2017,Cepheid Xpert MTB/RIF Ultra,4100.0
505,Paraguay,2018,Cepheid GeneXpert Model GX-IV- 4 module Instrument with desktop [GXIV-4D],3.0
506,Paraguay,2018,Cepheid Xpert MTB/RIF Ultra,2900.0
507,Paraguay,2019,Cepheid GeneXpert Model GX-IV- 4 module Instrument with laptop [GXIV-4-L],6.0
508,Paraguay,2019,Cepheid Xpert MTB/RIF Ultra,3050.0
509,Paraguay,2020,Cepheid Xpert MTB/RIF Ultra,2550.0
510,Paraguay,2021,Cepheid GeneXpert Model GX-IV- 4 module Instrument with laptop [GXIV-4-L],1.0
511,Paraguay,2021,Cepheid Xpert MTB/RIF Ultra,1600.0
512,Paraguay,2022,Cepheid GeneXpert Model GX-IV- 4 module Instrument with laptop [GXIV-4-L],5.0
513,Paraguay,2022,Cepheid Xpert MTB/RIF Ultra,13500.0
514,Peru,2017,Cepheid GeneXpert Model GX-IV- 4 module Instrument with laptop [GXIV-4-L],21.0
515,Peru,2017,Cepheid GeneXpert Model GX-XVI-16 module instrument with desktop[GXXVI-16-D],8.0
516,Peru,2017,Cepheid GeneXpert Model GX-XVI-16 module instrument with laptop [GXXVI-16-L],1.0
517,Peru,2019,Cepheid GeneXpert Model GX-IV- 4 module Instrument with laptop [GXIV-4-L],6.0
518,Peru,2019,Cepheid GeneXpert Model GX-XVI-16 module instrument with laptop [GXXVI-16-L],1.0
519,Peru,2019,Cepheid Xpert MTB/RIF Ultra,150.0
520,Peru,2022,Cepheid Xpert MTB/RIF Ultra,15000.0
521,Peru,2023,Cepheid GeneXpert Model GX-IV R2 2-module (10-color) Instrument with laptop [GXIV-2-L-10C],3.0
522,Peru,2023,Cepheid Xpert MTB/RIF Ultra,16700.0
523,Philippines,2018,Cepheid Xpert MTB/RIF Ultra,250000.0
524,Philippines,2019,Cepheid Xpert MTB/RIF Ultra,130000.0
525,Philippines,2019,Cepheid Xpert MTB/RIF Ultra,400000.0
526,Philippines,2020,Cepheid Xpert MTB/RIF Ultra,180000.0
527,Philippines,2022,Cepheid Xpert MTB/RIF Ultra,363550.0
528,Philippines,2023,Cepheid Xpert MTB/RIF Ultra,135886.0
529,Philippines,2023,Cepheid Xpert MTB/XDR,7000.0
530,Philippines,2024,Cepheid Xpert MTB/XDR,500.0
531,Romania,2015,Cepheid GeneXpert Model GX-IV- 4 module Instrument with laptop [GXIV-4-L],6.0
532,Romania,2015,Cepheid Xpert MTB/RIF Ultra,5600.0
533,Romania,2017,Cepheid GeneXpert IV system with laptop computer (two sites) [GXIV-2-L],1.0
534,Romania,2017,Cepheid GeneXpert Model GX-IV- 4 module Instrument with laptop [GXIV-4-L],6.0
535,Romania,2017,Cepheid Xpert MTB/RIF Ultra,1500.0
536,Romania,2022,Cepheid GeneXpert Model GX-IV R2 2-module (10-color) Instrument with laptop [GXIV-2-L-10C],17.0
537,Romania,2022,Cepheid Xpert MTB/RIF Ultra,32500.0
538,Romania,2022,Cepheid Xpert MTB/XDR,1360.0
539,Rwanda,2018,Cepheid Xpert MTB/RIF Ultra,29500.0
540,Rwanda,2019,Cepheid Xpert MTB/RIF Ultra,53000.0
541,Sao Tome and Principe,2015,Cepheid GeneXpert Model GX-IV- 4 module Instrument with laptop [GXIV-4-L],1.0
542,Sao Tome and Principe,2015,Cepheid Xpert MTB/RIF Ultra,150.0
543,Sao Tome and Principe,2017,Cepheid Xpert MTB/RIF Ultra,150.0
544,Sao Tome and Principe,2018,Cepheid GeneXpert IV system with laptop computer (two sites) [GXIV-2-L],1.0
545,Sao Tome and Principe,2018,Cepheid Xpert MTB/RIF Ultra,2000.0
546,Sao Tome and Principe,2019,Cepheid Xpert MTB/RIF Ultra,300.0
547,Sao Tome and Principe,2020,Cepheid Xpert MTB/RIF Ultra,1250.0
548,Sao Tome and Principe,2021,Cepheid GeneXpert Model GX-IV- 4 module Instrument with laptop [GXIV-4-L],3.0
549,Sao Tome and Principe,2021,Cepheid Xpert MTB/RIF Ultra,10800.0
550,Sao Tome and Principe,2022,Cepheid Xpert MTB/RIF Ultra,2250.0
551,Senegal,2018,Cepheid Xpert MTB/RIF Ultra,10000.0
552,Senegal,2019,Cepheid Xpert MTB/RIF Ultra,13050.0
553,Senegal,2020,Cepheid Xpert MTB/RIF Ultra,3400.0
554,Senegal,2020,Cepheid Xpert MTB/RIF Ultra,9850.0
555,Senegal,2021,Cepheid Xpert MTB/RIF Ultra,21250.0
556,Senegal,2021,Cepheid Xpert MTB/RIF Ultra,21300.0
557,Senegal,2022,Cepheid Xpert MTB/RIF Ultra,13650.0
558,Senegal,2022,Cepheid Xpert MTB/RIF Ultra,4000.0
559,Senegal,2023,Cepheid Xpert MTB/RIF Ultra,62200.0
560,Sierra Leone,2016,Cepheid GeneXpert Model GX-IV- 4 module Instrument with desktop [GXIV-4D],2.0
561,Sierra Leone,2016,Cepheid Xpert MTB/RIF Ultra,1000.0
562,Somalia,2018,Cepheid GeneXpert Model GX-IV- 4 module Instrument with desktop [GXIV-4D],1750.0
563,Somalia,2019,Cepheid GeneXpert Model GX-IV- 4 module Instrument with desktop [GXIV-4D],1.0
564,Somalia,2019,Cepheid Xpert MTB/RIF Ultra,41000.0
565,Somalia,2020,Cepheid GeneXpert Model GX-IV- 4 module Instrument with laptop [GXIV-4-L],10.0
566,Somalia,2020,Cepheid Xpert MTB/RIF Ultra,67500.0
567,Somalia,2021,Cepheid GeneXpert Model GX-IV R2 2-module (10-color) Instrument with laptop [GXIV-2-L-10C],2.0
568,Somalia,2021,Cepheid Xpert MTB/RIF Ultra,57500.0
569,Somalia,2021,Cepheid Xpert MTB/XDR,1000.0
570,Somalia,2022,Cepheid Xpert MTB/RIF Ultra,104500.0
571,Somalia,2022,Cepheid Xpert MTB/XDR,3000.0
572,Somalia,2023,Cepheid Xpert MTB/RIF Ultra,50000.0
573,Somalia,2023,Cepheid Xpert MTB/XDR,7000.0
574,Somalia,2024,Cepheid Xpert MTB/RIF Ultra,70000.0
575,South Sudan,2016,Cepheid Xpert MTB/RIF Ultra,3550.0
576,South Sudan,2019,Cepheid Xpert MTB/RIF Ultra,5000.0
577,South Sudan,2020,Cepheid GeneXpert  GX-II-2 module instrument with laptop [GXII-2-L],2.0
578,South Sudan,2020,Cepheid Xpert MTB/RIF Ultra,24500.0
579,South Sudan,2022,Cepheid Xpert MTB/RIF Ultra,34200.0
580,South Sudan,2023,Cepheid Xpert MTB/RIF Ultra,27500.0
581,South Sudan,2023,Cepheid Xpert MTB/XDR,200.0
582,South Sudan,2024,Cepheid Xpert MTB/RIF Ultra,23000.0
583,Sri Lanka,2016,Cepheid GeneXpert IV system with desktop computer (two sites) [GXIV-2-D],2.0
584,Sri Lanka,2016,Cepheid GeneXpert Model GX-IV- 4 module Instrument with laptop [GXIV-4-L],1.0
585,Sri Lanka,2022,Cepheid GeneXpert Model GX-IV R2 2-module (10-color) Instrument with laptop [GXIV-2-L-10C],1.0
586,Sri Lanka,2022,Cepheid Xpert MTB/RIF Ultra,40000.0
587,Sri Lanka,2022,Cepheid Xpert MTB/XDR,250.0
588,Sudan,2015,Cepheid GeneXpert Model GX-IV- 4 module Instrument with laptop [GXIV-4-L],252.0
589,Sudan,2015,Cepheid Xpert MTB/RIF Ultra,2550.0
590,Sudan,2016,Cepheid GeneXpert Model GX-IV- 4 module Instrument with laptop [GXIV-4-L],14.0
591,Sudan,2016,Cepheid Xpert MTB/RIF Ultra,3850.0
592,Sudan,2017,Cepheid GeneXpert Model GX-IV- 4 module Instrument with laptop [GXIV-4-L],51.0
593,Sudan,2017,Cepheid Xpert MTB/RIF Ultra,7000.0
594,Sudan,2018,Cepheid Xpert MTB/RIF Ultra,17600.0
595,Sudan,2019,Cepheid Xpert MTB/RIF Ultra,25000.0
596,Sudan,2020,Cepheid GeneXpert Model GX-IV- 4 module Instrument with laptop [GXIV-4-L],23.0
597,Sudan,2020,Cepheid Xpert MTB/RIF Ultra,57550.0
598,Syrian Arab Republic,2015,Cepheid Xpert MTB/RIF Ultra,150.0
599,Tajikistan,2018,Cepheid Xpert MTB/RIF Ultra,1500.0
600,Tajikistan,2019,Cepheid Xpert MTB/RIF Ultra,31000.0
601,Tajikistan,2020,Cepheid Xpert MTB/RIF Ultra,24500.0
602,Tajikistan,2020,Cepheid Xpert MTB/RIF Ultra,57050.0
603,Tajikistan,2021,Cepheid Xpert MTB/XDR,500.0
604,Tajikistan,2022,Cepheid Xpert MTB/RIF Ultra,25000.0
605,Tajikistan,2022,Cepheid Xpert MTB/XDR,800.0
606,Tajikistan,2023,Cepheid Xpert MTB/RIF Ultra,28950.0
607,Tajikistan,2023,Cepheid Xpert MTB/XDR,1310.0
608,Tanzania (United Republic),2017,Cepheid GeneXpert Model GX-IV- 4 module Instrument with desktop [GXIV-4D],70.0
609,Tanzania (United Republic),2017,Cepheid Xpert MTB/RIF Ultra,99550.0
610,Thailand,2019,Cepheid Xpert MTB/RIF Ultra,135550.0
611,Thailand,2020,Cepheid Xpert MTB/RIF Ultra,190250.0
612,Thailand,2022,Cepheid GeneXpert Model GX-IV R2 2-module (10-color) Instrument with laptop [GXIV-2-L-10C],30.0
613,Thailand,2022,Cepheid GeneXpert Model GX-IV- 4 module Instrument with laptop [GXIV-4-L],16.0
614,Thailand,2022,Cepheid Xpert MTB/RIF Ultra,92562.0
615,Thailand,2023,Cepheid Xpert MTB/RIF Ultra,223350.0
616,Thailand,2023,Cepheid Xpert MTB/XDR,2000.0
617,Togo,2016,Cepheid GeneXpert Model GX-IV- 4 module Instrument with laptop [GXIV-4-L],3.0
618,Togo,2016,Cepheid GeneXpert Model GX-XVI-16 module instrument with laptop [GXXVI-16-L],1.0
619,Togo,2017,Cepheid GeneXpert Model GX-IV- 4 module Instrument with laptop [GXIV-4-L],10.0
620,Togo,2017,Cepheid Xpert MTB/RIF Ultra,7500.0
621,Turkmenistan,2012,Cepheid Xpert MTB/RIF Ultra,840.0
622,Turkmenistan,2013,Cepheid GeneXpert Model GX-IV- 4 module Instrument with desktop [GXIV-4D],2.0
623,Turkmenistan,2013,Cepheid Xpert MTB/RIF Ultra,6540.0
624,Turkmenistan,2015,Cepheid Xpert MTB/RIF Ultra,10200.0
625,Turkmenistan,2016,Cepheid Xpert MTB/RIF Ultra,6100.0
626,Turkmenistan,2017,Cepheid Xpert MTB/RIF Ultra,13000.0
627,Turkmenistan,2021,Cepheid Xpert MTB/RIF Ultra,5500.0
628,Uganda,2015,Cepheid Xpert MTB/RIF Ultra,30250.0
629,Uganda,2017,Cepheid GeneXpert Model GX-IV- 4 module Instrument with desktop [GXIV-4D],73.0
630,Uganda,2017,Cepheid Xpert MTB/RIF Ultra,139150.0
631,Uganda,2018,Cepheid Xpert MTB/RIF Ultra,310000.0
632,Uganda,2019,Cepheid Xpert MTB/RIF Ultra,414850.0
633,Ukraine,2013,Cepheid GeneXpert Model GX-IV- 4 module Instrument with desktop [GXIV-4D],15.0
634,Ukraine,2013,Cepheid Xpert MTB/RIF Ultra,31340.0
635,Ukraine,2014,Cepheid GeneXpert Model GX-IV- 4 module Instrument with desktop [GXIV-4D],9.0
636,Ukraine,2014,Cepheid Xpert MTB/RIF Ultra,38550.0
637,Ukraine,2015,Cepheid GeneXpert Model GX-IV- 4 module Instrument with desktop [GXIV-4D],14.0
638,Ukraine,2015,Cepheid Xpert MTB/RIF Ultra,49100.0
639,Ukraine,2016,Cepheid Xpert MTB/RIF Ultra,64900.0
640,Ukraine,2017,Cepheid GeneXpert Model GX-IV- 4 module Instrument with laptop [GXIV-4-L],4.0
641,Ukraine,2017,Cepheid Xpert MTB/RIF Ultra,73700.0
642,Ukraine,2018,Cepheid GeneXpert Model GX-IV- 4 module Instrument with laptop [GXIV-4-L],43.0
643,Ukraine,2018,Cepheid Xpert MTB/RIF Ultra,46500.0
644,Ukraine,2018,Cepheid Xpert MTB/RIF Ultra,5350.0
645,Ukraine,2019,Cepheid GeneXpert Model GX-IV- 4 module Instrument with laptop [GXIV-4-L],5.0
646,Ukraine,2019,Cepheid Xpert MTB/RIF Ultra,64100.0
647,Ukraine,2019,Cepheid Xpert MTB/RIF Ultra,200.0
648,Ukraine,2020,Cepheid GeneXpert Model GX-IV- 4 module Instrument with laptop [GXIV-4-L],38.0
649,Ukraine,2020,Cepheid Xpert MTB/RIF Ultra,75950.0
650,Ukraine,2020,Cepheid Xpert MTB/RIF Ultra,5500.0
651,Ukraine,2021,Cepheid GeneXpert Model GX-IV R2 2-module (10-color) Instrument with laptop [GXIV-2-L-10C],53.0
652,Ukraine,2021,Cepheid GeneXpert Model GX-IV- 4 module Instrument with laptop [GXIV-4-L],2.0
653,Ukraine,2021,Cepheid Xpert MTB/RIF Ultra,10900.0
654,Ukraine,2021,Cepheid Xpert MTB/XDR,2000.0
655,Ukraine,2022,Cepheid Xpert MTB/RIF Ultra,82600.0
656,Ukraine,2022,Cepheid Xpert MTB/RIF Ultra,1000.0
657,Ukraine,2022,Cepheid Xpert MTB/XDR,1330.0
658,Ukraine,2023,Cepheid Xpert MTB/RIF Ultra,197050.0
659,Ukraine,2023,Cepheid Xpert MTB/XDR,14520.0
660,Ukraine,2024,Cepheid Xpert MTB/RIF Ultra,62750.0
661,Uzbekistan,2014,Cepheid GeneXpert Model GX-IV- 4 module Instrument with desktop [GXIV-4D],2.0
662,Uzbekistan,2014,Cepheid Xpert MTB/RIF Ultra,48000.0
663,Uzbekistan,2015,Cepheid Xpert MTB/RIF Ultra,16300.0
664,Uzbekistan,2016,Cepheid GeneXpert GX-II-2 module instrument with desktop [GXII-2-D],2.0
665,Uzbekistan,2016,Cepheid GeneXpert IV system with laptop computer (two sites) [GXIV-2-L],4.0
666,Uzbekistan,2016,Cepheid Xpert MTB/RIF Ultra,76300.0
667,Uzbekistan,2018,Cepheid GeneXpert IV system with laptop computer (two sites) [GXIV-2-L],10.0
668,Uzbekistan,2018,Cepheid Xpert MTB/RIF Ultra,14400.0
669,Uzbekistan,2020,Cepheid Xpert MTB/RIF Ultra,53500.0
670,Uzbekistan,2020,Cepheid Xpert MTB/RIF Ultra,1000.0
671,Uzbekistan,2022,Cepheid Xpert MTB/RIF Ultra,131850.0
672,Uzbekistan,2022,Cepheid Xpert MTB/XDR,8990.0
673,Viet Nam,2019,Cepheid Xpert MTB/RIF Ultra,128050.0
674,Viet Nam,2019,Cepheid Xpert MTB/RIF Ultra,163600.0
675,Viet Nam,2020,Cepheid Xpert MTB/RIF Ultra,45000.0
676,Viet Nam,2020,Cepheid Xpert MTB/RIF Ultra,250550.0
677,Viet Nam,2021,Cepheid GeneXpert Model GX-IV- 4 module Instrument with desktop [GXIV-4D],2.0
678,Viet Nam,2021,Cepheid Xpert MTB/RIF Ultra,285000.0
679,Viet Nam,2021,Cepheid Xpert MTB/RIF Ultra,104950.0
680,Viet Nam,2021,Cepheid Xpert MTB/XDR,3000.0
681,Viet Nam,2022,Cepheid Xpert MTB/RIF Ultra,647150.0
682,Viet Nam,2022,Cepheid Xpert MTB/XDR,3000.0
683,Viet Nam,2023,Cepheid GeneXpert GX-II-2 module instrument with desktop [GXII-2-D],60.0
684,Viet Nam,2023,Cepheid GeneXpert Model GX-IV- 4 module Instrument with desktop [GXIV-4D],10.0
685,Viet Nam,2023,Cepheid Xpert MTB/RIF Ultra,270000.0
686,Zambia,2018,Cepheid GeneXpert Model GX-IV- 4 module Instrument with laptop [GXIV-4-L],50.0
687,Zambia,2018,Cepheid Xpert MTB/RIF Ultra,50000.0
688,Zambia,2019,Cepheid Xpert MTB/RIF Ultra,150000.0
689,Zimbabwe,2015,Cepheid GeneXpert Model GX-IV- 4 module Instrument with desktop [GXIV-4D],12.0
690,Zimbabwe,2015,Cepheid Xpert MTB/RIF Ultra,21750.0
691,Zimbabwe,2016,Cepheid Xpert MTB/RIF Ultra,20950.0
692,Zimbabwe,2017,Cepheid Xpert MTB/RIF Ultra,270050.0
693,Zimbabwe,2018,Cepheid Xpert MTB/RIF Ultra,42400.0
694,Zimbabwe,2019,Cepheid Xpert MTB/RIF Ultra,50000.0
695,Zimbabwe,2019,Cepheid Xpert MTB/RIF Ultra,700.0
696,Zimbabwe,2020,Cepheid GeneXpert Model GX-IV- 4 module Instrument with laptop [GXIV-4-L],5.0
697,Zimbabwe,2020,Cepheid Xpert MTB/RIF Ultra,229800.0
698,Zimbabwe,2021,Cepheid Xpert MTB/RIF Ultra,89400.0
699,Zimbabwe,2022,Cepheid Xpert MTB/RIF Ultra,109650.0
700,Zimbabwe,2023,Cepheid Xpert MTB/RIF Ultra,136850.0
701,Zimbabwe,2024,Cepheid Xpert MTB/RIF Ultra,55000.0
